{
    "name": "root",
    "gauges": {
        "MyBehavior.Policy.Entropy.mean": {
            "value": 1.3705018758773804,
            "min": 1.358864665031433,
            "max": 2.111971855163574,
            "count": 150
        },
        "MyBehavior.Policy.Entropy.sum": {
            "value": 13526.853515625,
            "min": 13304.4521484375,
            "max": 22302.423828125,
            "count": 150
        },
        "MyBehavior.Environment.LessonNumber.config_num.mean": {
            "value": 4.0,
            "min": 0.0,
            "max": 4.0,
            "count": 150
        },
        "MyBehavior.Environment.LessonNumber.config_num.sum": {
            "value": 4.0,
            "min": 0.0,
            "max": 4.0,
            "count": 150
        },
        "MyBehavior.Step.mean": {
            "value": 1499958.0,
            "min": 9955.0,
            "max": 1499958.0,
            "count": 150
        },
        "MyBehavior.Step.sum": {
            "value": 1499958.0,
            "min": 9955.0,
            "max": 1499958.0,
            "count": 150
        },
        "MyBehavior.Policy.ExtrinsicValueEstimate.mean": {
            "value": 10.200292587280273,
            "min": -0.001992632169276476,
            "max": 11.45842456817627,
            "count": 150
        },
        "MyBehavior.Policy.ExtrinsicValueEstimate.sum": {
            "value": 1611.646240234375,
            "min": -0.3108506202697754,
            "max": 1832.208740234375,
            "count": 150
        },
        "MyBehavior.Environment.EpisodeLength.mean": {
            "value": 1671.2,
            "min": 354.0,
            "max": 14030.0,
            "count": 127
        },
        "MyBehavior.Environment.EpisodeLength.sum": {
            "value": 8356.0,
            "min": 354.0,
            "max": 93950.0,
            "count": 127
        },
        "MyBehavior.Environment.CumulativeReward.mean": {
            "value": 179.0809213101864,
            "min": 10.489490242535249,
            "max": 1172.9510917663574,
            "count": 127
        },
        "MyBehavior.Environment.CumulativeReward.sum": {
            "value": 895.4046065509319,
            "min": 13.192817732691765,
            "max": 9810.823999106884,
            "count": 127
        },
        "MyBehavior.Policy.ExtrinsicReward.mean": {
            "value": 179.0809213101864,
            "min": 10.489490242535249,
            "max": 1172.9510917663574,
            "count": 127
        },
        "MyBehavior.Policy.ExtrinsicReward.sum": {
            "value": 895.4046065509319,
            "min": 13.192817732691765,
            "max": 9810.823999106884,
            "count": 127
        },
        "MyBehavior.IsTraining.mean": {
            "value": 1.0,
            "min": 1.0,
            "max": 1.0,
            "count": 150
        },
        "MyBehavior.IsTraining.sum": {
            "value": 1.0,
            "min": 1.0,
            "max": 1.0,
            "count": 150
        },
        "MyBehavior.Losses.PolicyLoss.mean": {
            "value": 0.02217978643408666,
            "min": 0.017309363011736422,
            "max": 0.032967768667731434,
            "count": 145
        },
        "MyBehavior.Losses.PolicyLoss.sum": {
            "value": 0.02217978643408666,
            "min": 0.017309363011736422,
            "max": 0.032967768667731434,
            "count": 145
        },
        "MyBehavior.Losses.ValueLoss.mean": {
            "value": 0.16927482634782792,
            "min": 0.03016726722319921,
            "max": 0.843893708785375,
            "count": 145
        },
        "MyBehavior.Losses.ValueLoss.sum": {
            "value": 0.16927482634782792,
            "min": 0.03016726722319921,
            "max": 0.843893708785375,
            "count": 145
        },
        "MyBehavior.Policy.LearningRate.mean": {
            "value": 1.6800994400000147e-06,
            "min": 1.6800994400000147e-06,
            "max": 0.0002978938007020666,
            "count": 145
        },
        "MyBehavior.Policy.LearningRate.sum": {
            "value": 1.6800994400000147e-06,
            "min": 1.6800994400000147e-06,
            "max": 0.0002978938007020666,
            "count": 145
        },
        "MyBehavior.Policy.Epsilon.mean": {
            "value": 0.10056000000000005,
            "min": 0.10056000000000005,
            "max": 0.19929793333333343,
            "count": 145
        },
        "MyBehavior.Policy.Epsilon.sum": {
            "value": 0.10056000000000005,
            "min": 0.10056000000000005,
            "max": 0.19929793333333343,
            "count": 145
        },
        "MyBehavior.Policy.Beta.mean": {
            "value": 1.5544000000000046e-05,
            "min": 1.5544000000000046e-05,
            "max": 0.0009930495399999998,
            "count": 145
        },
        "MyBehavior.Policy.Beta.sum": {
            "value": 1.5544000000000046e-05,
            "min": 1.5544000000000046e-05,
            "max": 0.0009930495399999998,
            "count": 145
        }
    },
    "metadata": {
        "timer_format_version": "0.1.0",
        "start_time_seconds": "1669802494",
        "python_version": "3.9.13 (tags/v3.9.13:6de2ca5, May 17 2022, 16:36:42) [MSC v.1929 64 bit (AMD64)]",
        "command_line_arguments": "D:\\Github\\TesiRacingGame\\RacingPrototype\\venv\\Scripts\\mlagents-learn config\\MyAgentBehavior.yaml --run-id=AllTrue",
        "mlagents_version": "0.29.0",
        "mlagents_envs_version": "0.29.0",
        "communication_protocol_version": "1.5.0",
        "pytorch_version": "1.7.1+cu110",
        "numpy_version": "1.21.2",
        "end_time_seconds": "1669803573"
    },
    "total": 1078.7569019,
    "count": 1,
    "self": 0.009229100000084145,
    "children": {
        "run_training.setup": {
            "total": 0.12769140000000068,
            "count": 1,
            "self": 0.12769140000000068
        },
        "TrainerController.start_learning": {
            "total": 1078.6199814,
            "count": 1,
            "self": 2.326294799999687,
            "children": {
                "TrainerController._reset_env": {
                    "total": 8.3108691,
                    "count": 1,
                    "self": 8.3108691
                },
                "TrainerController.advance": {
                    "total": 1067.9297907000002,
                    "count": 100030,
                    "self": 2.487898800009134,
                    "children": {
                        "env_step": {
                            "total": 647.9129086999993,
                            "count": 100030,
                            "self": 536.2837564000321,
                            "children": {
                                "SubprocessEnvManager._take_step": {
                                    "total": 110.65954289997913,
                                    "count": 100030,
                                    "self": 4.245925999976819,
                                    "children": {
                                        "TorchPolicy.evaluate": {
                                            "total": 106.41361690000231,
                                            "count": 100030,
                                            "self": 20.611956399999414,
                                            "children": {
                                                "TorchPolicy.sample_actions": {
                                                    "total": 85.8016605000029,
                                                    "count": 100030,
                                                    "self": 85.8016605000029
                                                }
                                            }
                                        }
                                    }
                                },
                                "workers": {
                                    "total": 0.9696093999881032,