{
    "name": "root",
    "gauges": {
        "MyBehavior.Policy.Entropy.mean": {
            "value": 1.4148080348968506,
            "min": 1.410728096961975,
            "max": 2.1126275062561035,
            "count": 150
        },
        "MyBehavior.Policy.Entropy.sum": {
            "value": 14306.5390625,
            "min": 13722.1552734375,
            "max": 21633.3046875,
            "count": 150
        },
        "MyBehavior.Step.mean": {
            "value": 1499964.0,
            "min": 9984.0,
            "max": 1499964.0,
            "count": 150
        },
        "MyBehavior.Step.sum": {
            "value": 1499964.0,
            "min": 9984.0,
            "max": 1499964.0,
            "count": 150
        },
        "MyBehavior.Policy.ExtrinsicValueEstimate.mean": {
            "value": 1.0569887161254883,
            "min": -0.035262174904346466,
            "max": 2.865875005722046,
            "count": 150
        },
        "MyBehavior.Policy.ExtrinsicValueEstimate.sum": {
            "value": 167.00421142578125,
            "min": -5.500899314880371,
            "max": 449.9423828125,
            "count": 150
        },
        "MyBehavior.IsTraining.mean": {
            "value": 1.0,
            "min": 1.0,
            "max": 1.0,
            "count": 150
        },
        "MyBehavior.IsTraining.sum": {
            "value": 1.0,
            "min": 1.0,
            "max": 1.0,
            "count": 150
        },
        "MyBehavior.Losses.PolicyLoss.mean": {
            "value": 0.01823812836470703,
            "min": 0.016569707962723137,
            "max": 0.03164627180279543,
            "count": 143
        },
        "MyBehavior.Losses.PolicyLoss.sum": {
            "value": 0.01823812836470703,
            "min": 0.016569707962723137,
            "max": 0.03164627180279543,
            "count": 143
        },
        "MyBehavior.Losses.ValueLoss.mean": {
            "value": 0.6605233132839203,
            "min": 0.0005080212062845628,
            "max": 0.846254113316536,
            "count": 143
        },
        "MyBehavior.Losses.ValueLoss.sum": {
            "value": 0.6605233132839203,
            "min": 0.0005080212062845628,
            "max": 0.846254113316536,
            "count": 143
        },
        "MyBehavior.Policy.LearningRate.mean": {
            "value": 4.6809984400000183e-07,
            "min": 4.6809984400000183e-07,
            "max": 0.0002975424008192,
            "count": 143
        },
        "MyBehavior.Policy.LearningRate.sum": {
            "value": 4.6809984400000183e-07,
            "min": 4.6809984400000183e-07,
            "max": 0.0002975424008192,
            "count": 143
        },
        "MyBehavior.Policy.Epsilon.mean": {
            "value": 0.10015600000000004,
            "min": 0.10015600000000004,
            "max": 0.1991808,
            "count": 143
        },
        "MyBehavior.Policy.Epsilon.sum": {
            "value": 0.10015600000000004,
            "min": 0.10015600000000004,
            "max": 0.1991808,
            "count": 143
        },
        "MyBehavior.Policy.Beta.mean": {
            "value": 1.154440000000001e-05,
            "min": 1.154440000000001e-05,
            "max": 0.0009918899200000004,
            "count": 143
        },
        "MyBehavior.Policy.Beta.sum": {
            "value": 1.154440000000001e-05,
            "min": 1.154440000000001e-05,
            "max": 0.0009918899200000004,
            "count": 143
        },
        "MyBehavior.Environment.EpisodeLength.mean": {
            "value": 2953.5,
            "min": 820.0,
            "max": 13885.0,
            "count": 114
        },
        "MyBehavior.Environment.EpisodeLength.sum": {
            "value": 17721.0,
            "min": 1578.0,
            "max": 92342.0,
            "count": 114
        },
        "MyBehavior.Environment.CumulativeReward.mean": {
            "value": 29.558599188923836,
            "min": 0.2322765812277794,
            "max": 36.23269419432618,
            "count": 114
        },
        "MyBehavior.Environment.CumulativeReward.sum": {
            "value": 177.35159513354301,
            "min": 0.4645531624555588,
            "max": 286.0156922498718,
            "count": 114
        },
        "MyBehavior.Policy.ExtrinsicReward.mean": {
            "value": 29.558599188923836,
            "min": 0.2322765812277794,
            "max": 36.23269419432618,
            "count": 114
        },
        "MyBehavior.Policy.ExtrinsicReward.sum": {
            "value": 177.35159513354301,
            "min": 0.4645531624555588,
            "max": 286.0156922498718,
            "count": 114
        }
    },
    "metadata": {
        "timer_format_version": "0.1.0",
        "start_time_seconds": "1669637703",
        "python_version": "3.9.13 (tags/v3.9.13:6de2ca5, May 17 2022, 16:36:42) [MSC v.1929 64 bit (AMD64)]",
        "command_line_arguments": "D:\\Github\\TesiRacingGame\\RacingPrototype\\venv\\Scripts\\mlagents-learn config\\MyAgentBehavior.yaml --run-id=Direction0000",
        "mlagents_version": "0.29.0",
        "mlagents_envs_version": "0.29.0",
        "communication_protocol_version": "1.5.0",
        "pytorch_version": "1.7.1+cu110",
        "numpy_version": "1.21.2",
        "end_time_seconds": "1669638579"
    },
    "total": 876.0890112000001,
    "count": 1,
    "self": 0.0069311000000880085,
    "children": {
        "run_training.setup": {
            "total": 0.0805828999999999,
            "count": 1,
            "self": 0.0805828999999999
        },
        "TrainerController.start_learning": {
            "total": 876.0014972,
            "count": 1,
            "self": 0.8316621999832705,
            "children": {
                "TrainerController._reset_env": {
                    "total": 21.7092893,
                    "count": 1,
                    "self": 21.7092893
                },
                "TrainerController.advance": {
                    "total": 853.4074674000167,
                    "count": 46911,
                    "self": 0.7489164000222672,
                    "children": {
                        "env_step": {
                            "total": 445.9490909999988,
                            "count": 46911,
                            "self": 387.747423100012,
                            "children": {
                                "SubprocessEnvManager._take_step": {
                                    "total": 57.69766199999297,
                                    "count": 46911,
                                    "self": 2.330802199978706,
                                    "children": {
                                        "TorchPolicy.evaluate": {
                                            "total": 55.36685980001426,
                                            "count": 46911,
                                            "self": 9.847314300015022,
                                            "children": {
                                                "TorchPolicy.sample_actions": {
                                                    "total": 45.51954549999924,
                                                    "count": 46911,
                                                    "self": 45.51954549999924
                                                }
                                            }
                                        }
                                    }
                                },
                                "workers": {
                                    "total": 0.5040058999938744,
                                    "count": 46911,
                                    "self": 0.0,
                                    "children": {
                                        "worker_root": {
                                            "total": 853.2264081000023,
                                            "count": 46911,