{
    "name": "root",
    "gauges": {
        "MyBehavior.Policy.Entropy.mean": {
            "value": 2.5605978965759277,
            "min": 1.9359407424926758,
            "max": 2.8900306224823,
            "count": 150
        },
        "MyBehavior.Policy.Entropy.sum": {
            "value": 25598.296875,
            "min": 19403.93359375,
            "max": 30657.4453125,
            "count": 150
        },
        "MyBehavior.Environment.LessonNumber.config_num.mean": {
            "value": 4.0,
            "min": 0.0,
            "max": 4.0,
            "count": 150
        },
        "MyBehavior.Environment.LessonNumber.config_num.sum": {
            "value": 4.0,
            "min": 0.0,
            "max": 4.0,
            "count": 150
        },
        "MyBehavior.Step.mean": {
            "value": 1499948.0,
            "min": 9968.0,
            "max": 1499948.0,
            "count": 150
        },
        "MyBehavior.Step.sum": {
            "value": 1499948.0,
            "min": 9968.0,
            "max": 1499948.0,
            "count": 150
        },
        "MyBehavior.Policy.ExtrinsicValueEstimate.mean": {
            "value": -0.04081324487924576,
            "min": -0.29782548546791077,
            "max": 0.2680680751800537,
            "count": 150
        },
        "MyBehavior.Policy.ExtrinsicValueEstimate.sum": {
            "value": -6.4893059730529785,
            "min": -46.460777282714844,
            "max": 42.62282180786133,
            "count": 150
        },
        "MyBehavior.Environment.EpisodeLength.mean": {
            "value": 2607.25,
            "min": 444.0,
            "max": 22665.0,
            "count": 132
        },
        "MyBehavior.Environment.EpisodeLength.sum": {
            "value": 10429.0,
            "min": 444.0,
            "max": 162642.0,
            "count": 132
        },
        "MyBehavior.Environment.CumulativeReward.mean": {
            "value": -0.04592612950364128,
            "min": -7.084420105209574,
            "max": 28.925562098049948,
            "count": 132
        },
        "MyBehavior.Environment.CumulativeReward.sum": {
            "value": -0.1837045180145651,
            "min": -21.253260315628722,
            "max": 260.3300588824495,
            "count": 132
        },
        "MyBehavior.Policy.ExtrinsicReward.mean": {
            "value": -0.04592612950364128,
            "min": -7.084420105209574,
            "max": 28.925562098049948,
            "count": 132
        },
        "MyBehavior.Policy.ExtrinsicReward.sum": {
            "value": -0.1837045180145651,
            "min": -21.253260315628722,
            "max": 260.3300588824495,
            "count": 132
        },
        "MyBehavior.IsTraining.mean": {
            "value": 1.0,
            "min": 1.0,
            "max": 1.0,
            "count": 150
        },
        "MyBehavior.IsTraining.sum": {
            "value": 1.0,
            "min": 1.0,
            "max": 1.0,
            "count": 150
        },
        "MyBehavior.Losses.PolicyLoss.mean": {
            "value": 0.025654319699970073,
            "min": 0.016831125885558625,
            "max": 0.03312026834658657,
            "count": 145
        },
        "MyBehavior.Losses.PolicyLoss.sum": {
            "value": 0.025654319699970073,
            "min": 0.016831125885558625,
            "max": 0.03312026834658657,
            "count": 145
        },
        "MyBehavior.Losses.ValueLoss.mean": {
            "value": 0.004081711483498414,
            "min": 0.00040193797564522054,
            "max": 0.021342773704479137,
            "count": 145
        },
        "MyBehavior.Losses.ValueLoss.sum": {
            "value": 0.004081711483498414,
            "min": 0.00040193797564522054,
            "max": 0.021342773704479137,
            "count": 145
        },
        "MyBehavior.Policy.LearningRate.mean": {
            "value": 9.158996947333442e-07,
            "min": 9.158996947333442e-07,
            "max": 0.0002978400007199999,
            "count": 145
        },
        "MyBehavior.Policy.LearningRate.sum": {
            "value": 9.158996947333442e-07,
            "min": 9.158996947333442e-07,
            "max": 0.0002978400007199999,
            "count": 145
        },
        "MyBehavior.Policy.Epsilon.mean": {
            "value": 0.10030526666666666,
            "min": 0.10030526666666666,
            "max": 0.19927999999999998,
            "count": 145
        },
        "MyBehavior.Policy.Epsilon.sum": {
            "value": 0.10030526666666666,
            "min": 0.10030526666666666,
            "max": 0.19927999999999998,
            "count": 145
        },
        "MyBehavior.Policy.Beta.mean": {
            "value": 1.302214000000004e-05,
            "min": 1.302214000000004e-05,
            "max": 0.000992872,
            "count": 145
        },
        "MyBehavior.Policy.Beta.sum": {
            "value": 1.302214000000004e-05,
            "min": 1.302214000000004e-05,
            "max": 0.000992872,
            "count": 145
        }
    },
    "metadata": {
        "timer_format_version": "0.1.0",
        "start_time_seconds": "1669836929",
        "python_version": "3.9.13 (tags/v3.9.13:6de2ca5, May 17 2022, 16:36:42) [MSC v.1929 64 bit (AMD64)]",
        "command_line_arguments": "D:\\Github\\TesiRacingGame\\RacingPrototype\\venv\\Scripts\\mlagents-learn config\\MyAgentBehavior.yaml --run-id=DiscreteCarController_DirRew",
        "mlagents_version": "0.29.0",
        "mlagents_envs_version": "0.29.0",
        "communication_protocol_version": "1.5.0",
        "pytorch_version": "1.7.1+cu110",
        "numpy_version": "1.21.2",
        "end_time_seconds": "1669838212"
    },
    "total": 1282.2019476,
    "count": 1,
    "self": 0.007932199999913792,
    "children": {
        "run_training.setup": {
            "total": 0.08266260000000003,
            "count": 1,
            "self": 0.08266260000000003
        },
        "TrainerController.start_learning": {
            "total": 1282.1113528,
            "count": 1,
            "self": 2.5799297999781174,
            "children": {
                "TrainerController._reset_env": {
                    "total": 4.895975,
                    "count": 1,
                    "self": 4.895975
                },
                "TrainerController.advance": {
                    "total": 1274.5540850000223,
                    "count": 115410,
                    "self": 2.949246800010769,
                    "children": {
                        "env_step": {
                            "total": 805.5880428999819,
                            "count": 115410,
                            "self": 644.3154819999515,
                            "children": {
                                "SubprocessEnvManager._take_step": {
                                    "total": 160.14248910003448,
                                    "count": 115410,
                                    "self": 4.739047000034475,
                                    "children": {
                                        "TorchPolicy.evaluate": {
                                            "total": 155.4034421,
                                            "count": 115410,
                                            "self": 22.111207400021783,
                                            "children": {
                                                "TorchPolicy.sample_actions": {
                                                    "total": 133.29223469997822,
                                                    "count": 115410,
                                                    "self": 133.29223469997822
                                                }
                                            }
                                        }
                                    }
                                },