{
    "name": "root",
    "gauges": {
        "MyBehavior.Policy.Entropy.mean": {
            "value": 0.6121171712875366,
            "min": 0.3903611898422241,
            "max": 0.8642116785049438,
            "count": 150
        },
        "MyBehavior.Policy.Entropy.sum": {
            "value": 6111.3779296875,
            "min": 3897.3662109375,
            "max": 9292.00390625,
            "count": 150
        },
        "MyBehavior.Environment.LessonNumber.config_num.mean": {
            "value": 4.0,
            "min": 0.0,
            "max": 4.0,
            "count": 150
        },
        "MyBehavior.Environment.LessonNumber.config_num.sum": {
            "value": 4.0,
            "min": 0.0,
            "max": 4.0,
            "count": 150
        },
        "MyBehavior.Step.mean": {
            "value": 1499976.0,
            "min": 9984.0,
            "max": 1499976.0,
            "count": 150
        },
        "MyBehavior.Step.sum": {
            "value": 1499976.0,
            "min": 9984.0,
            "max": 1499976.0,
            "count": 150
        },
        "MyBehavior.Policy.ExtrinsicValueEstimate.mean": {
            "value": 2.3596882820129395,
            "min": 2.1812331676483154,
            "max": 5.373903751373291,
            "count": 150
        },
        "MyBehavior.Policy.ExtrinsicValueEstimate.sum": {
            "value": 368.11138916015625,
            "min": 348.997314453125,
            "max": 870.5723876953125,
            "count": 150
        },
        "MyBehavior.IsTraining.mean": {
            "value": 1.0,
            "min": 1.0,
            "max": 1.0,
            "count": 150
        },
        "MyBehavior.IsTraining.sum": {
            "value": 1.0,
            "min": 1.0,
            "max": 1.0,
            "count": 150
        },
        "MyBehavior.Losses.PolicyLoss.mean": {
            "value": 0.02457519616582431,
            "min": 0.015778185848224286,
            "max": 0.0316239954593281,
            "count": 145
        },
        "MyBehavior.Losses.PolicyLoss.sum": {
            "value": 0.02457519616582431,
            "min": 0.015778185848224286,
            "max": 0.0316239954593281,
            "count": 145
        },
        "MyBehavior.Losses.ValueLoss.mean": {
            "value": 0.07550802094240984,
            "min": 0.015611377389480671,
            "max": 0.20524225880702338,
            "count": 145
        },
        "MyBehavior.Losses.ValueLoss.sum": {
            "value": 0.07550802094240984,
            "min": 0.015611377389480671,
            "max": 0.20524225880702338,
            "count": 145
        },
        "MyBehavior.Policy.LearningRate.mean": {
            "value": 1.771299409600006e-06,
            "min": 1.771299409600006e-06,
            "max": 0.0002978496007168,
            "count": 145
        },
        "MyBehavior.Policy.LearningRate.sum": {
            "value": 1.771299409600006e-06,
            "min": 1.771299409600006e-06,
            "max": 0.0002978496007168,
            "count": 145
        },
        "MyBehavior.Policy.Epsilon.mean": {
            "value": 0.10059040000000004,
            "min": 0.10059040000000004,
            "max": 0.19928320000000002,
            "count": 145
        },
        "MyBehavior.Policy.Epsilon.sum": {
            "value": 0.10059040000000004,
            "min": 0.10059040000000004,
            "max": 0.19928320000000002,
            "count": 145
        },
        "MyBehavior.Policy.Beta.mean": {
            "value": 1.5844960000000016e-05,
            "min": 1.5844960000000016e-05,
            "max": 0.0009929036800000002,
            "count": 145
        },
        "MyBehavior.Policy.Beta.sum": {
            "value": 1.5844960000000016e-05,
            "min": 1.5844960000000016e-05,
            "max": 0.0009929036800000002,
            "count": 145
        },
        "MyBehavior.Environment.EpisodeLength.mean": {
            "value": 6023.0,
            "min": 840.7142857142857,
            "max": 6149.0,
            "count": 133
        },
        "MyBehavior.Environment.EpisodeLength.sum": {
            "value": 6023.0,
            "min": 1747.0,
            "max": 30212.0,
            "count": 133
        },
        "MyBehavior.Environment.CumulativeReward.mean": {
            "value": 143.5141870379448,
            "min": 17.492574906242744,
            "max": 145.2476443052292,
            "count": 133
        },
        "MyBehavior.Environment.CumulativeReward.sum": {
            "value": 143.5141870379448,
            "min": 36.56130241602659,
            "max": 796.9650000333786,
            "count": 133
        },
        "MyBehavior.Policy.ExtrinsicReward.mean": {
            "value": 143.5141870379448,
            "min": 17.492574906242744,
            "max": 145.2476443052292,
            "count": 133
        },
        "MyBehavior.Policy.ExtrinsicReward.sum": {
            "value": 143.5141870379448,
            "min": 36.56130241602659,
            "max": 796.9650000333786,
            "count": 133
        }
    },
    "metadata": {
        "timer_format_version": "0.1.0",
        "start_time_seconds": "1671718059",
        "python_version": "3.9.13 (tags/v3.9.13:6de2ca5, May 17 2022, 16:36:42) [MSC v.1929 64 bit (AMD64)]",
        "command_line_arguments": "D:\\Github\\TesiRacingGame\\RacingPrototype\\venv\\Scripts\\mlagents-learn config\\MyAgentBehavior.yaml --initialize-from=ModifiedSensorAndCode --run-id=ModifiedSensorAndCode1",
        "mlagents_version": "0.29.0",
        "mlagents_envs_version": "0.29.0",
        "communication_protocol_version": "1.5.0",
        "pytorch_version": "1.7.1+cu110",
        "numpy_version": "1.21.2",
        "end_time_seconds": "1671719530"
    },
    "total": 1471.2095107,
    "count": 1,
    "self": 0.008178699999916716,
    "children": {
        "run_training.setup": {
            "total": 0.08702040000000011,
            "count": 1,
            "self": 0.08702040000000011
        },
        "TrainerController.start_learning": {
            "total": 1471.1143116,
            "count": 1,
            "self": 3.1571641999903477,
            "children": {
                "TrainerController._reset_env": {
                    "total": 6.4187055,
                    "count": 1,
                    "self": 6.4187055
                },
                "TrainerController.advance": {
                    "total": 1461.4655373000096,
                    "count": 125033,
                    "self": 3.378567700028725,
                    "children": {
                        "env_step": {
                            "total": 868.4259594000072,
                            "count": 125033,
                            "self": 686.369285400046,
                            "children": {
                                "SubprocessEnvManager._take_step": {
                                    "total": 180.73306570001716,
                                    "count": 125033,
                                    "self": 5.1005919000057816,
                                    "children": {
                                        "TorchPolicy.evaluate": {
                                            "total": 175.63247380001138,
                                            "count": 125033,
                                            "self": 26.546703599986728,
                                            "children": {
                                                "TorchPolicy.sample_actions": {
                                                    "total": 149.08577020002465,
                                                    "count": 125033,
                                                    "self": 149.08577020002465
                                                }
                                            }
                                        }
                                    }
                                },