{
    "name": "root",
    "gauges": {
        "MyBehavior.Policy.Entropy.mean": {
            "value": 1.1312435865402222,
            "min": 1.1312435865402222,
            "max": 2.8824145793914795,
            "count": 30
        },
        "MyBehavior.Policy.Entropy.sum": {
            "value": 56621.00390625,
            "min": 56363.40234375,
            "max": 145481.234375,
            "count": 30
        },
        "MyBehavior.Environment.LessonNumber.config_num.mean": {
            "value": 4.0,
            "min": 0.0,
            "max": 4.0,
            "count": 30
        },
        "MyBehavior.Environment.LessonNumber.config_num.sum": {
            "value": 4.0,
            "min": 0.0,
            "max": 4.0,
            "count": 30
        },
        "MyBehavior.Step.mean": {
            "value": 1499952.0,
            "min": 49991.0,
            "max": 1499952.0,
            "count": 30
        },
        "MyBehavior.Step.sum": {
            "value": 1499952.0,
            "min": 49991.0,
            "max": 1499952.0,
            "count": 30
        },
        "MyBehavior.Policy.ExtrinsicValueEstimate.mean": {
            "value": 1.9413384199142456,
            "min": 0.27460575103759766,
            "max": 2.974799394607544,
            "count": 30
        },
        "MyBehavior.Policy.ExtrinsicValueEstimate.sum": {
            "value": 1523.95068359375,
            "min": 217.48776245117188,
            "max": 2350.091552734375,
            "count": 30
        },
        "MyBehavior.Environment.EpisodeLength.mean": {
            "value": 5544.375,
            "min": 923.2857142857143,
            "max": 15812.916666666666,
            "count": 26
        },
        "MyBehavior.Environment.EpisodeLength.sum": {
            "value": 44355.0,
            "min": 19740.0,
            "max": 189755.0,
            "count": 26
        },
        "MyBehavior.Environment.CumulativeReward.mean": {
            "value": 108.02686602820177,
            "min": 8.25978668846507,
            "max": 246.85698509812354,
            "count": 26
        },
        "MyBehavior.Environment.CumulativeReward.sum": {
            "value": 864.2149282256141,
            "min": 241.36498576309532,
            "max": 2877.139832805842,
            "count": 26
        },
        "MyBehavior.Policy.ExtrinsicReward.mean": {
            "value": 108.02686602820177,
            "min": 8.25978668846507,
            "max": 246.85698509812354,
            "count": 26
        },
        "MyBehavior.Policy.ExtrinsicReward.sum": {
            "value": 864.2149282256141,
            "min": 241.36498576309532,
            "max": 2877.139832805842,
            "count": 26
        },
        "MyBehavior.Losses.PolicyLoss.mean": {
            "value": 0.023511820456430237,
            "min": 0.020593914158040814,
            "max": 0.025338987815721338,
            "count": 30
        },
        "MyBehavior.Losses.PolicyLoss.sum": {
            "value": 0.11755910228215119,
            "min": 0.08870681851743333,
            "max": 0.12669493907860668,
            "count": 30
        },
        "MyBehavior.Losses.ValueLoss.mean": {
            "value": 0.037424769227703415,
            "min": 0.01585395889977614,
            "max": 0.06762471985071897,
            "count": 30
        },
        "MyBehavior.Losses.ValueLoss.sum": {
            "value": 0.18712384613851707,
            "min": 0.0792697944988807,
            "max": 0.33812359925359486,
            "count": 30
        },
        "MyBehavior.Policy.LearningRate.mean": {
            "value": 5.714618095160003e-06,
            "min": 5.714618095160003e-06,
            "max": 0.00029479165173611666,
            "count": 30
        },
        "MyBehavior.Policy.LearningRate.sum": {
            "value": 2.8573090475800018e-05,
            "min": 2.8573090475800018e-05,
            "max": 0.0014276776241074667,
            "count": 30
        },
        "MyBehavior.Policy.Epsilon.mean": {
            "value": 0.10190484,
            "min": 0.10190484,
            "max": 0.19826388333333334,
            "count": 30
        },
        "MyBehavior.Policy.Epsilon.sum": {
            "value": 0.5095242,
            "min": 0.41994413333333336,
            "max": 0.9758925333333333,
            "count": 30
        },
        "MyBehavior.Policy.Beta.mean": {
            "value": 0.00010505151600000007,
            "min": 0.00010505151600000007,
            "max": 0.0049133677783333345,
            "count": 30
        },
        "MyBehavior.Policy.Beta.sum": {
            "value": 0.0005252575800000004,
            "min": 0.0005252575800000004,
            "max": 0.023797037413333333,
            "count": 30
        },
        "MyBehavior.IsTraining.mean": {
            "value": 1.0,
            "min": 1.0,
            "max": 1.0,
            "count": 30
        },
        "MyBehavior.IsTraining.sum": {
            "value": 1.0,
            "min": 1.0,
            "max": 1.0,
            "count": 30
        }
    },
    "metadata": {
        "timer_format_version": "0.1.0",
        "start_time_seconds": "1693068511",
        "python_version": "3.9.17 (main, Jul  5 2023, 20:47:11) [MSC v.1916 64 bit (AMD64)]",
        "command_line_arguments": "D:\\Users\\Polito\\Daniele\\Anaconda\\envs\\tf_gpu\\Scripts\\mlagents-learn config/noMem.yaml --run-id=NoMem_acc_break_0",
        "mlagents_version": "0.30.0",
        "mlagents_envs_version": "0.30.0",
        "communication_protocol_version": "1.5.0",
        "pytorch_version": "1.7.1+cu110",
        "numpy_version": "1.21.2",
        "end_time_seconds": "1693073186"
    },
    "total": 4674.759581735,
    "count": 1,
    "self": 0.03956508500050404,
    "children": {
        "run_training.setup": {
            "total": 0.24468165600000003,
            "count": 1,
            "self": 0.24468165600000003
        },
        "TrainerController.start_learning": {
            "total": 4674.475334994,
            "count": 1,
            "self": 7.604062146932847,
            "children": {
                "TrainerController._reset_env": {
                    "total": 31.431916905,
                    "count": 1,
                    "self": 31.431916905
                },
                "TrainerController.advance": {
                    "total": 4635.251508883067,
                    "count": 125036,
                    "self": 11.12603356503314,
                    "children": {
                        "env_step": {
                            "total": 3761.42793168802,
                            "count": 125036,
                            "self": 3125.818428258972,
                            "children": {
                                "SubprocessEnvManager._take_step": {
                                    "total": 631.3957233010782,
                                    "count": 125036,
                                    "self": 16.12700656407992,
                                    "children": {
                                        "TorchPolicy.evaluate": {
                                            "total": 615.2687167369983,
                                            "count": 125036,
                                            "self": 615.2687167369983
                                        }
                                    }
                                },
                                "workers": {
                                    "total": 4.213780127970324,
                                    "count": 125036,
                                    "self": 0.0,
                                    "children": {
                                        "worker_root": {
                                            "total": 4637.969380115952,
                                            "count": 125036,
                                            "is_parallel": true,
                                            "self": 1932.6559523320016,