{
    "name": "root",
    "gauges": {
        "MyBehavior.Policy.Entropy.mean": {
            "value": 1.9718058109283447,
            "min": 1.9708423614501953,
            "max": 2.230933666229248,
            "count": 30
        },
        "MyBehavior.Policy.Entropy.sum": {
            "value": 98550.8515625,
            "min": 98431.75,
            "max": 111735.546875,
            "count": 30
        },
        "MyBehavior.Environment.LessonNumber.config_num.mean": {
            "value": 4.0,
            "min": 0.0,
            "max": 4.0,
            "count": 30
        },
        "MyBehavior.Environment.LessonNumber.config_num.sum": {
            "value": 4.0,
            "min": 0.0,
            "max": 4.0,
            "count": 30
        },
        "MyBehavior.Step.mean": {
            "value": 1499958.0,
            "min": 49987.0,
            "max": 1499958.0,
            "count": 30
        },
        "MyBehavior.Step.sum": {
            "value": 1499958.0,
            "min": 49987.0,
            "max": 1499958.0,
            "count": 30
        },
        "MyBehavior.Policy.ExtrinsicValueEstimate.mean": {
            "value": 0.951972246170044,
            "min": 0.6496466994285583,
            "max": 1.3824104070663452,
            "count": 30
        },
        "MyBehavior.Policy.ExtrinsicValueEstimate.sum": {
            "value": 745.394287109375,
            "min": 509.97265625,
            "max": 1085.192138671875,
            "count": 30
        },
        "MyBehavior.Environment.EpisodeLength.mean": {
            "value": 12218.2,
            "min": 780.1,
            "max": 13540.0,
            "count": 29
        },
        "MyBehavior.Environment.EpisodeLength.sum": {
            "value": 61091.0,
            "min": 7801.0,
            "max": 135210.0,
            "count": 29
        },
        "MyBehavior.Environment.CumulativeReward.mean": {
            "value": 115.29000368323177,
            "min": 2.0285002679564057,
            "max": 124.41714563234044,
            "count": 29
        },
        "MyBehavior.Environment.CumulativeReward.sum": {
            "value": 576.4500184161589,
            "min": 20.28500267956406,
            "max": 995.9400370335206,
            "count": 29
        },
        "MyBehavior.Policy.ExtrinsicReward.mean": {
            "value": 115.29000368323177,
            "min": 2.0285002679564057,
            "max": 124.41714563234044,
            "count": 29
        },
        "MyBehavior.Policy.ExtrinsicReward.sum": {
            "value": 576.4500184161589,
            "min": 20.28500267956406,
            "max": 995.9400370335206,
            "count": 29
        },
        "MyBehavior.Losses.PolicyLoss.mean": {
            "value": 0.024347629367839543,
            "min": 0.02089467795677289,
            "max": 0.02882391255567806,
            "count": 30
        },
        "MyBehavior.Losses.PolicyLoss.sum": {
            "value": 0.12173814683919772,
            "min": 0.09177458577905781,
            "max": 0.13186907794200428,
            "count": 30
        },
        "MyBehavior.Losses.ValueLoss.mean": {
            "value": 0.020034281642486655,
            "min": 0.018045621756464243,
            "max": 0.03259007422874371,
            "count": 30
        },
        "MyBehavior.Losses.ValueLoss.sum": {
            "value": 0.10017140821243327,
            "min": 0.07663103036272029,
            "max": 0.16295037114371855,
            "count": 30
        },
        "MyBehavior.Policy.LearningRate.mean": {
            "value": 5.471298176266664e-06,
            "min": 5.471298176266664e-06,
            "max": 0.00029478680173773323,
            "count": 30
        },
        "MyBehavior.Policy.LearningRate.sum": {
            "value": 2.735649088133332e-05,
            "min": 2.735649088133332e-05,
            "max": 0.0014273182242272664,
            "count": 30
        },
        "MyBehavior.Policy.Epsilon.mean": {
            "value": 0.10182373333333335,
            "min": 0.10182373333333335,
            "max": 0.1982622666666667,
            "count": 30
        },
        "MyBehavior.Policy.Epsilon.sum": {
            "value": 0.5091186666666667,
            "min": 0.4333688,
            "max": 0.975772733333333,
            "count": 30
        },
        "MyBehavior.Policy.Beta.mean": {
            "value": 0.0001010042933333333,
            "min": 0.0001010042933333333,
            "max": 0.0049132871066666665,
            "count": 30
        },
        "MyBehavior.Policy.Beta.sum": {
            "value": 0.0005050214666666665,
            "min": 0.0005050214666666665,
            "max": 0.023791059393333328,
            "count": 30
        },
        "MyBehavior.IsTraining.mean": {
            "value": 1.0,
            "min": 1.0,
            "max": 1.0,
            "count": 30
        },
        "MyBehavior.IsTraining.sum": {
            "value": 1.0,
            "min": 1.0,
            "max": 1.0,
            "count": 30
        }
    },
    "metadata": {
        "timer_format_version": "0.1.0",
        "start_time_seconds": "1693395282",
        "python_version": "3.9.13 (tags/v3.9.13:6de2ca5, May 17 2022, 16:36:42) [MSC v.1929 64 bit (AMD64)]",
        "command_line_arguments": "D:\\Github\\TesiRacingGame\\RacingPrototype\\venv\\Scripts\\mlagents-learn config/BaseConfig.yaml --run-id=Base_IncreasedSensor_AlwaysAcc_IncreasedPenaltyMoveX_break_1_OnlyLastCircuit --initialize-from=Base_IncreasedSensor_AlwaysAcc_IncreasedPenaltyMoveX_break_0_OnlyLastCircuit",
        "mlagents_version": "0.29.0",
        "mlagents_envs_version": "0.29.0",
        "communication_protocol_version": "1.5.0",
        "pytorch_version": "1.7.1+cu110",
        "numpy_version": "1.21.2",
        "end_time_seconds": "1693396775"
    },
    "total": 1493.9229566000001,
    "count": 1,
    "self": 0.01006760000018403,
    "children": {
        "run_training.setup": {
            "total": 0.08586779999999994,
            "count": 1,
            "self": 0.08586779999999994
        },
        "TrainerController.start_learning": {
            "total": 1493.8270212,
            "count": 1,
            "self": 3.1283637999965777,
            "children": {
                "TrainerController._reset_env": {
                    "total": 5.4708119,
                    "count": 1,
                    "self": 5.4708119
                },
                "TrainerController.advance": {
                    "total": 1485.1175719000032,
                    "count": 125035,
                    "self": 3.3209284000088246,
                    "children": {
                        "env_step": {
                            "total": 959.7820202000044,
                            "count": 125035,
                            "self": 759.7502933000727,
                            "children": {
                                "SubprocessEnvManager._take_step": {
                                    "total": 198.61882409995968,
                                    "count": 125035,
                                    "self": 5.403268399956545,
                                    "children": {
                                        "TorchPolicy.evaluate": {
                                            "total": 193.21555570000314,
                                            "count": 125035,
                                            "self": 29.019178099992615,
                                            "children": {
                                                "TorchPolicy.sample_actions": {
                                                    "total": 164.19637760001052,
                                                    "count": 125035,
                                                    "self": 164.19637760001052
                                                }
                                            }
                                        }
                                    }
                                },