{
    "name": "root",
    "gauges": {
        "MyBehavior.Policy.Entropy.mean": {
            "value": 0.9536267518997192,
            "min": 0.4934855103492737,
            "max": 1.3153040409088135,
            "count": 150
        },
        "MyBehavior.Policy.Entropy.sum": {
            "value": 9521.009765625,
            "min": 4875.63671875,
            "max": 13217.490234375,
            "count": 150
        },
        "MyBehavior.Environment.LessonNumber.config_num.mean": {
            "value": 4.0,
            "min": 0.0,
            "max": 4.0,
            "count": 150
        },
        "MyBehavior.Environment.LessonNumber.config_num.sum": {
            "value": 4.0,
            "min": 0.0,
            "max": 4.0,
            "count": 150
        },
        "MyBehavior.Step.mean": {
            "value": 1499980.0,
            "min": 9984.0,
            "max": 1499980.0,
            "count": 150
        },
        "MyBehavior.Step.sum": {
            "value": 1499980.0,
            "min": 9984.0,
            "max": 1499980.0,
            "count": 150
        },
        "MyBehavior.Policy.ExtrinsicValueEstimate.mean": {
            "value": 1.4066205024719238,
            "min": 1.3916466236114502,
            "max": 5.330183506011963,
            "count": 150
        },
        "MyBehavior.Policy.ExtrinsicValueEstimate.sum": {
            "value": 219.43280029296875,
            "min": 218.488525390625,
            "max": 852.829345703125,
            "count": 150
        },
        "MyBehavior.IsTraining.mean": {
            "value": 1.0,
            "min": 1.0,
            "max": 1.0,
            "count": 150
        },
        "MyBehavior.IsTraining.sum": {
            "value": 1.0,
            "min": 1.0,
            "max": 1.0,
            "count": 150
        },
        "MyBehavior.Losses.PolicyLoss.mean": {
            "value": 0.02056064255933355,
            "min": 0.015809223068451197,
            "max": 0.03340434452790456,
            "count": 145
        },
        "MyBehavior.Losses.PolicyLoss.sum": {
            "value": 0.02056064255933355,
            "min": 0.015809223068451197,
            "max": 0.03340434452790456,
            "count": 145
        },
        "MyBehavior.Losses.ValueLoss.mean": {
            "value": 0.04231980809321006,
            "min": 0.014868064845601717,
            "max": 0.31632022907336554,
            "count": 145
        },
        "MyBehavior.Losses.ValueLoss.sum": {
            "value": 0.04231980809321006,
            "min": 0.014868064845601717,
            "max": 0.31632022907336554,
            "count": 145
        },
        "MyBehavior.Policy.LearningRate.mean": {
            "value": 1.6552994482666783e-06,
            "min": 1.6552994482666783e-06,
            "max": 0.0002978368007210667,
            "count": 145
        },
        "MyBehavior.Policy.LearningRate.sum": {
            "value": 1.6552994482666783e-06,
            "min": 1.6552994482666783e-06,
            "max": 0.0002978368007210667,
            "count": 145
        },
        "MyBehavior.Policy.Epsilon.mean": {
            "value": 0.10055173333333337,
            "min": 0.10055173333333337,
            "max": 0.19927893333333344,
            "count": 145
        },
        "MyBehavior.Policy.Epsilon.sum": {
            "value": 0.10055173333333337,
            "min": 0.10055173333333337,
            "max": 0.19927893333333344,
            "count": 145
        },
        "MyBehavior.Policy.Beta.mean": {
            "value": 1.5462160000000044e-05,
            "min": 1.5462160000000044e-05,
            "max": 0.0009928614399999998,
            "count": 145
        },
        "MyBehavior.Policy.Beta.sum": {
            "value": 1.5462160000000044e-05,
            "min": 1.5462160000000044e-05,
            "max": 0.0009928614399999998,
            "count": 145
        },
        "MyBehavior.Environment.EpisodeLength.mean": {
            "value": 8398.666666666666,
            "min": 728.0,
            "max": 10199.0,
            "count": 130
        },
        "MyBehavior.Environment.EpisodeLength.sum": {
            "value": 25196.0,
            "min": 728.0,
            "max": 43401.0,
            "count": 130
        },
        "MyBehavior.Environment.CumulativeReward.mean": {
            "value": 119.78317769089092,
            "min": 12.166607216000557,
            "max": 139.87824523448944,
            "count": 130
        },
        "MyBehavior.Environment.CumulativeReward.sum": {
            "value": 359.3495330726728,
            "min": 12.166607216000557,
            "max": 1166.4394122064114,
            "count": 130
        },
        "MyBehavior.Policy.ExtrinsicReward.mean": {
            "value": 119.78317769089092,
            "min": 12.166607216000557,
            "max": 139.87824523448944,
            "count": 130
        },
        "MyBehavior.Policy.ExtrinsicReward.sum": {
            "value": 359.3495330726728,
            "min": 12.166607216000557,
            "max": 1166.4394122064114,
            "count": 130
        }
    },
    "metadata": {
        "timer_format_version": "0.1.0",
        "start_time_seconds": "1670083331",
        "python_version": "3.9.13 (tags/v3.9.13:6de2ca5, May 17 2022, 16:36:42) [MSC v.1929 64 bit (AMD64)]",
        "command_line_arguments": "D:\\Github\\TesiRacingGame\\RacingPrototype\\venv\\Scripts\\mlagents-learn config\\MyAgentBehavior.yaml --initialize-from=NewDirectionSensor_DirRew_NewCheckpointSensor --run-id=FromNewSensorDirRew_AddBreakingReward",
        "mlagents_version": "0.29.0",
        "mlagents_envs_version": "0.29.0",
        "communication_protocol_version": "1.5.0",
        "pytorch_version": "1.7.1+cu110",
        "numpy_version": "1.21.2",
        "end_time_seconds": "1670084897"
    },
    "total": 1565.7606597,
    "count": 1,
    "self": 0.009117399999922782,
    "children": {
        "run_training.setup": {
            "total": 0.09979260000000001,
            "count": 1,
            "self": 0.09979260000000001
        },
        "TrainerController.start_learning": {
            "total": 1565.6517497,
            "count": 1,
            "self": 3.655456999990065,
            "children": {
                "TrainerController._reset_env": {
                    "total": 10.193091500000001,
                    "count": 1,
                    "self": 10.193091500000001
                },
                "TrainerController.advance": {
                    "total": 1551.67422420001,
                    "count": 115416,
                    "self": 3.8440865000306985,
                    "children": {
                        "env_step": {
                            "total": 960.2171397000021,
                            "count": 115416,
                            "self": 734.1603918999942,
                            "children": {
                                "SubprocessEnvManager._take_step": {
                                    "total": 224.4969137000117,
                                    "count": 115416,
                                    "self": 6.623519699987696,
                                    "children": {
                                        "TorchPolicy.evaluate": {
                                            "total": 217.873394000024,
                                            "count": 115416,
                                            "self": 31.527096499998322,
                                            "children": {
                                                "TorchPolicy.sample_actions": {
                                                    "total": 186.34629750002568,
                                                    "count": 115416,