{"count":1,"self":125.5788032,"total":134.3127809,"children":{"InitializeActuators":{"count":2,"self":0.0015073999999999999,"total":0.0015073999999999999,"children":null},"InitializeSensors":{"count":2,"self":0.0015030999999999998,"total":0.0015030999999999998,"children":null},"AgentSendState":{"count":3670,"self":3.9079387999999997,"total":4.359722,"children":{"CollectObservations":{"count":7340,"self":0.3100474,"total":0.3100474,"children":null},"WriteActionMask":{"count":7340,"self":0.033657099999999995,"total":0.033657099999999995,"children":null},"RequestDecision":{"count":7340,"self":0.10807879999999999,"total":0.10807879999999999,"children":null}}},"DecideAction":{"count":3670,"self":3.7312032,"total":3.8082863,"children":{"RayPerceptionSensor.Perceive":{"count":22020,"self":0.077083199999999991,"total":0.077083199999999991,"children":null}}},"AgentAct":{"count":3670,"self":0.56296439999999992,"total":0.56296439999999992,"children":null}},"gauges":{},"metadata":{"timer_format_version":"0.1.0","start_time_seconds":"1694701201","unity_version":"2021.3.8f1","command_line_arguments":"C:\\Program Files\\Unity\\Hub\\Editor\\2021.3.8f1\\Editor\\Unity.exe -projectpath D:\\Github\\TesiRacingGame\\RacingPrototype -useHub -hubIPC -cloudEnvironment production -licensingIpc LicenseClient-dansp -hubSessionId ef35612c-321a-41ca-99d1-403f5c3fbf09 -accessToken NQlVdN0D636nlai1l2DPS0jbUpEggchKVtHkdoyEZOs006f","communication_protocol_version":"1.5.0","com.unity.ml-agents_version":"2.0.1","scene_name":"New Scene","end_time_seconds":"1694701335"}}