{
    "name": "root",
    "gauges": {
        "MyBehavior.Policy.Entropy.mean": {
            "value": 1.7678695917129517,
            "min": 1.7678695917129517,
            "max": 2.1150150299072266,
            "count": 42
        },
        "MyBehavior.Policy.Entropy.sum": {
            "value": 18102.984375,
            "min": 17085.7578125,
            "max": 21657.75390625,
            "count": 42
        },
        "MyBehavior.Environment.LessonNumber.config_num.mean": {
            "value": 0.0,
            "min": 0.0,
            "max": 0.0,
            "count": 42
        },
        "MyBehavior.Environment.LessonNumber.config_num.sum": {
            "value": 0.0,
            "min": 0.0,
            "max": 0.0,
            "count": 42
        },
        "MyBehavior.Step.mean": {
            "value": 419968.0,
            "min": 9984.0,
            "max": 419968.0,
            "count": 42
        },
        "MyBehavior.Step.sum": {
            "value": 419968.0,
            "min": 9984.0,
            "max": 419968.0,
            "count": 42
        },
        "MyBehavior.Policy.ExtrinsicValueEstimate.mean": {
            "value": 0.10448892414569855,
            "min": -0.2865711748600006,
            "max": 0.16904288530349731,
            "count": 42
        },
        "MyBehavior.Policy.ExtrinsicValueEstimate.sum": {
            "value": 16.30027198791504,
            "min": -44.99167251586914,
            "max": 26.370689392089844,
            "count": 42
        },
        "MyBehavior.IsTraining.mean": {
            "value": 1.0,
            "min": 1.0,
            "max": 1.0,
            "count": 42
        },
        "MyBehavior.IsTraining.sum": {
            "value": 1.0,
            "min": 1.0,
            "max": 1.0,
            "count": 42
        },
        "MyBehavior.Losses.PolicyLoss.mean": {
            "value": 0.027663114783354103,
            "min": 0.01908878041334295,
            "max": 0.031270669082490106,
            "count": 38
        },
        "MyBehavior.Losses.PolicyLoss.sum": {
            "value": 0.027663114783354103,
            "min": 0.01908878041334295,
            "max": 0.031270669082490106,
            "count": 38
        },
        "MyBehavior.Losses.ValueLoss.mean": {
            "value": 0.0021869843592867257,
            "min": 3.1931454395817126e-05,
            "max": 0.006467402571191391,
            "count": 38
        },
        "MyBehavior.Losses.ValueLoss.sum": {
            "value": 0.0021869843592867257,
            "min": 3.1931454395817126e-05,
            "max": 0.006467402571191391,
            "count": 38
        },
        "MyBehavior.Policy.LearningRate.mean": {
            "value": 0.0002173120275626666,
            "min": 0.0002173120275626666,
            "max": 0.0002978240007253333,
            "count": 38
        },
        "MyBehavior.Policy.LearningRate.sum": {
            "value": 0.0002173120275626666,
            "min": 0.0002173120275626666,
            "max": 0.0002978240007253333,
            "count": 38
        },
        "MyBehavior.Policy.Epsilon.mean": {
            "value": 0.17243733333333325,
            "min": 0.17243733333333325,
            "max": 0.19927466666666668,
            "count": 38
        },
        "MyBehavior.Policy.Epsilon.sum": {
            "value": 0.17243733333333325,
            "min": 0.17243733333333325,
            "max": 0.19927466666666668,
            "count": 38
        },
        "MyBehavior.Policy.Beta.mean": {
            "value": 0.0007271296000000001,
            "min": 0.0007271296000000001,
            "max": 0.0009928192000000005,
            "count": 38
        },
        "MyBehavior.Policy.Beta.sum": {
            "value": 0.0007271296000000001,
            "min": 0.0007271296000000001,
            "max": 0.0009928192000000005,
            "count": 38
        }
    },
    "metadata": {
        "timer_format_version": "0.1.0",
        "start_time_seconds": "1669656146",
        "python_version": "3.9.13 (tags/v3.9.13:6de2ca5, May 17 2022, 16:36:42) [MSC v.1929 64 bit (AMD64)]",
        "command_line_arguments": "D:\\Github\\TesiRacingGame\\RacingPrototype\\venv\\Scripts\\mlagents-learn config\\MyAgentBehavior.yaml --run-id=C_Learn",
        "mlagents_version": "0.29.0",
        "mlagents_envs_version": "0.29.0",
        "communication_protocol_version": "1.5.0",
        "pytorch_version": "1.7.1+cu110",
        "numpy_version": "1.21.2",
        "end_time_seconds": "1669656665"
    },
    "total": 519.4867209,
    "count": 1,
    "self": 0.0053679999999758365,
    "children": {
        "run_training.setup": {
            "total": 0.08417379999999985,
            "count": 1,
            "self": 0.08417379999999985
        },
        "TrainerController.start_learning": {
            "total": 519.3971791,
            "count": 1,
            "self": 1.575434500003439,
            "children": {
                "TrainerController._reset_env": {
                    "total": 10.5079808,
                    "count": 1,
                    "self": 10.5079808
                },
                "TrainerController.advance": {
                    "total": 507.2355893999966,
                    "count": 42575,
                    "self": 1.8611749000031637,
                    "children": {
                        "env_step": {
                            "total": 367.2335075999981,
                            "count": 42575,
                            "self": 294.7185019999895,
                            "children": {
                                "SubprocessEnvManager._take_step": {
                                    "total": 71.8824968000062,
                                    "count": 42575,
                                    "self": 2.5396031999970887,
                                    "children": {
                                        "TorchPolicy.evaluate": {
                                            "total": 69.3428936000091,
                                            "count": 42575,
                                            "self": 13.652320000007485,
                                            "children": {
                                                "TorchPolicy.sample_actions": {
                                                    "total": 55.69057360000162,
                                                    "count": 42575,
                                                    "self": 55.69057360000162
                                                }
                                            }
                                        }
                                    }
                                },
                                "workers": {
                                    "total": 0.6325088000024177,
                                    "count": 42574,
                                    "self": 0.0,
                                    "children": {
                                        "worker_root": {
                                            "total": 507.4261795999964,
                                            "count": 42574,
                                            "is_parallel": true,
                                            "self": 266.703500099994,
                                            "children": {
                                                "steps_from_proto": {
                                                    "total": 0.0007658999999993199,
                                                    "count": 1,
                                                    "is_parallel": true,
                                                    "self": 0.00024610000000002685,
                                                    "children": {
                                                        "_process_rank_one_or_two_observation": {
                                                            "total": 0.000519799999999293,