{
    "name": "root",
    "gauges": {
        "MyBehavior.Policy.Entropy.mean": {
            "value": 1.2601182460784912,
            "min": 1.2458693981170654,
            "max": 1.3411892652511597,
            "count": 150
        },
        "MyBehavior.Policy.Entropy.sum": {
            "value": 13226.201171875,
            "min": 10610.994140625,
            "max": 16480.533203125,
            "count": 150
        },
        "MyBehavior.Step.mean": {
            "value": 1499947.0,
            "min": 9984.0,
            "max": 1499947.0,
            "count": 150
        },
        "MyBehavior.Step.sum": {
            "value": 1499947.0,
            "min": 9984.0,
            "max": 1499947.0,
            "count": 150
        },
        "MyBehavior.Policy.ExtrinsicValueEstimate.mean": {
            "value": 7.441732883453369,
            "min": 4.215343952178955,
            "max": 7.873592376708984,
            "count": 150
        },
        "MyBehavior.Policy.ExtrinsicValueEstimate.sum": {
            "value": 1190.67724609375,
            "min": 657.5936279296875,
            "max": 1255.139892578125,
            "count": 150
        },
        "MyBehavior.IsTraining.mean": {
            "value": 1.0,
            "min": 1.0,
            "max": 1.0,
            "count": 150
        },
        "MyBehavior.IsTraining.sum": {
            "value": 1.0,
            "min": 1.0,
            "max": 1.0,
            "count": 150
        },
        "MyBehavior.Losses.PolicyLoss.mean": {
            "value": 0.02176229947945103,
            "min": 0.015233560776687227,
            "max": 0.0339642753591761,
            "count": 143
        },
        "MyBehavior.Losses.PolicyLoss.sum": {
            "value": 0.02176229947945103,
            "min": 0.015233560776687227,
            "max": 0.0339642753591761,
            "count": 143
        },
        "MyBehavior.Losses.ValueLoss.mean": {
            "value": 0.3976672132809957,
            "min": 0.039368367495222226,
            "max": 0.3976672132809957,
            "count": 143
        },
        "MyBehavior.Losses.ValueLoss.sum": {
            "value": 0.3976672132809957,
            "min": 0.039368367495222226,
            "max": 0.3976672132809957,
            "count": 143
        },
        "MyBehavior.Policy.LearningRate.mean": {
            "value": 7.902997366000078e-07,
            "min": 7.902997366000078e-07,
            "max": 0.0002975424008192,
            "count": 143
        },
        "MyBehavior.Policy.LearningRate.sum": {
            "value": 7.902997366000078e-07,
            "min": 7.902997366000078e-07,
            "max": 0.0002975424008192,
            "count": 143
        },
        "MyBehavior.Policy.Epsilon.mean": {
            "value": 0.10026340000000004,
            "min": 0.10026340000000004,
            "max": 0.1991808,
            "count": 143
        },
        "MyBehavior.Policy.Epsilon.sum": {
            "value": 0.10026340000000004,
            "min": 0.10026340000000004,
            "max": 0.1991808,
            "count": 143
        },
        "MyBehavior.Policy.Beta.mean": {
            "value": 1.260766000000002e-05,
            "min": 1.260766000000002e-05,
            "max": 0.0009918899200000004,
            "count": 143
        },
        "MyBehavior.Policy.Beta.sum": {
            "value": 1.260766000000002e-05,
            "min": 1.260766000000002e-05,
            "max": 0.0009918899200000004,
            "count": 143
        },
        "MyBehavior.Environment.EpisodeLength.mean": {
            "value": 1726.6666666666667,
            "min": 743.0,
            "max": 2845.0,
            "count": 139
        },
        "MyBehavior.Environment.EpisodeLength.sum": {
            "value": 15540.0,
            "min": 1486.0,
            "max": 46021.0,
            "count": 139
        },
        "MyBehavior.Environment.CumulativeReward.mean": {
            "value": 138.60830394840903,
            "min": 23.313905954360962,
            "max": 164.66606903076172,
            "count": 139
        },
        "MyBehavior.Environment.CumulativeReward.sum": {
            "value": 1247.4747355356812,
            "min": 46.627811908721924,
            "max": 2878.703044939786,
            "count": 139
        },
        "MyBehavior.Policy.ExtrinsicReward.mean": {
            "value": 138.60830394840903,
            "min": 23.313905954360962,
            "max": 164.66606903076172,
            "count": 139
        },
        "MyBehavior.Policy.ExtrinsicReward.sum": {
            "value": 1247.4747355356812,
            "min": 46.627811908721924,
            "max": 2878.703044939786,
            "count": 139
        }
    },
    "metadata": {
        "timer_format_version": "0.1.0",
        "start_time_seconds": "1669581162",
        "python_version": "3.9.13 (tags/v3.9.13:6de2ca5, May 17 2022, 16:36:42) [MSC v.1929 64 bit (AMD64)]",
        "command_line_arguments": "D:\\Github\\TesiRacingGame\\RacingPrototype\\venv\\Scripts\\mlagents-learn config\\MyAgentBehavior.yaml --initialize-from=Breaking --run-id=Breaking2",
        "mlagents_version": "0.29.0",
        "mlagents_envs_version": "0.29.0",
        "communication_protocol_version": "1.5.0",
        "pytorch_version": "1.7.1+cu110",
        "numpy_version": "1.21.2",
        "end_time_seconds": "1669581922"
    },
    "total": 760.3041845,
    "count": 1,
    "self": 0.005198100000029626,
    "children": {
        "run_training.setup": {
            "total": 0.08041469999999995,
            "count": 1,
            "self": 0.08041469999999995
        },
        "TrainerController.start_learning": {
            "total": 760.2185717,
            "count": 1,
            "self": 0.4394810000031839,
            "children": {
                "TrainerController._reset_env": {
                    "total": 7.354059099999999,
                    "count": 1,
                    "self": 7.354059099999999
                },
                "TrainerController.advance": {
                    "total": 752.3709594999968,
                    "count": 23473,
                    "self": 0.3831063999966773,
                    "children": {
                        "env_step": {
                            "total": 345.038210799991,
                            "count": 23473,
                            "self": 314.4430014999848,
                            "children": {
                                "SubprocessEnvManager._take_step": {
                                    "total": 30.347440999999144,
                                    "count": 23473,
                                    "self": 1.3831024999986212,
                                    "children": {
                                        "TorchPolicy.evaluate": {
                                            "total": 28.964338500000522,
                                            "count": 23473,
                                            "self": 4.739984599992212,
                                            "children": {
                                                "TorchPolicy.sample_actions": {
                                                    "total": 24.22435390000831,
                                                    "count": 23473,
                                                    "self": 24.22435390000831
                                                }
                                            }
                                        }
                                    }
                                },
                                "workers": {
                                    "total": 0.24776830000707406,
                                    "count": 23473,
                                    "self": 0.0,
                                    "children": {
                                        "worker_root": {
                                            "total": 752.2391982999922,
                                            "count": 23473,