{
    "name": "root",
    "gauges": {
        "MyBehavior.Policy.Entropy.mean": {
            "value": 1.3593817949295044,
            "min": 1.3593817949295044,
            "max": 2.1118826866149902,
            "count": 56
        },
        "MyBehavior.Policy.Entropy.sum": {
            "value": 13729.755859375,
            "min": 13371.123046875,
            "max": 21625.677734375,
            "count": 56
        },
        "MyBehavior.Environment.LessonNumber.config_num.mean": {
            "value": 0.0,
            "min": 0.0,
            "max": 0.0,
            "count": 56
        },
        "MyBehavior.Environment.LessonNumber.config_num.sum": {
            "value": 0.0,
            "min": 0.0,
            "max": 0.0,
            "count": 56
        },
        "MyBehavior.Step.mean": {
            "value": 559948.0,
            "min": 9984.0,
            "max": 559948.0,
            "count": 56
        },
        "MyBehavior.Step.sum": {
            "value": 559948.0,
            "min": 9984.0,
            "max": 559948.0,
            "count": 56
        },
        "MyBehavior.Policy.ExtrinsicValueEstimate.mean": {
            "value": 0.926728367805481,
            "min": -0.1195763573050499,
            "max": 0.9343197345733643,
            "count": 56
        },
        "MyBehavior.Policy.ExtrinsicValueEstimate.sum": {
            "value": 144.5696258544922,
            "min": -18.653911590576172,
            "max": 145.75387573242188,
            "count": 56
        },
        "MyBehavior.IsTraining.mean": {
            "value": 1.0,
            "min": 1.0,
            "max": 1.0,
            "count": 56
        },
        "MyBehavior.IsTraining.sum": {
            "value": 1.0,
            "min": 1.0,
            "max": 1.0,
            "count": 56
        },
        "MyBehavior.Losses.PolicyLoss.mean": {
            "value": 0.020745990741609908,
            "min": 0.016823276208985286,
            "max": 0.0310813419627569,
            "count": 53
        },
        "MyBehavior.Losses.PolicyLoss.sum": {
            "value": 0.020745990741609908,
            "min": 0.016823276208985286,
            "max": 0.0310813419627569,
            "count": 53
        },
        "MyBehavior.Losses.ValueLoss.mean": {
            "value": 0.0009666413495627542,
            "min": 0.0002358857772681707,
            "max": 0.005839418014511466,
            "count": 53
        },
        "MyBehavior.Losses.ValueLoss.sum": {
            "value": 0.0009666413495627542,
            "min": 0.0002358857772681707,
            "max": 0.005839418014511466,
            "count": 53
        },
        "MyBehavior.Policy.LearningRate.mean": {
            "value": 0.00018977683674106674,
            "min": 0.00018977683674106674,
            "max": 0.0002978240007253333,
            "count": 53
        },
        "MyBehavior.Policy.LearningRate.sum": {
            "value": 0.00018977683674106674,
            "min": 0.00018977683674106674,
            "max": 0.0002978240007253333,
            "count": 53
        },
        "MyBehavior.Policy.Epsilon.mean": {
            "value": 0.16325893333333333,
            "min": 0.16325893333333333,
            "max": 0.19927466666666668,
            "count": 53
        },
        "MyBehavior.Policy.Epsilon.sum": {
            "value": 0.16325893333333333,
            "min": 0.16325893333333333,
            "max": 0.19927466666666668,
            "count": 53
        },
        "MyBehavior.Policy.Beta.mean": {
            "value": 0.00063626344,
            "min": 0.00063626344,
            "max": 0.0009928192000000005,
            "count": 53
        },
        "MyBehavior.Policy.Beta.sum": {
            "value": 0.00063626344,
            "min": 0.00063626344,
            "max": 0.0009928192000000005,
            "count": 53
        },
        "MyBehavior.Environment.EpisodeLength.mean": {
            "value": 4497.142857142857,
            "min": 903.0,
            "max": 21398.0,
            "count": 31
        },
        "MyBehavior.Environment.EpisodeLength.sum": {
            "value": 31480.0,
            "min": 903.0,
            "max": 80559.0,
            "count": 31
        },
        "MyBehavior.Environment.CumulativeReward.mean": {
            "value": 46.14580165062632,
            "min": 6.6103345192968845,
            "max": 91.02708625886589,
            "count": 31
        },
        "MyBehavior.Environment.CumulativeReward.sum": {
            "value": 323.02061155438423,
            "min": 6.7455661948770285,
            "max": 455.13543129432946,
            "count": 31
        },
        "MyBehavior.Policy.ExtrinsicReward.mean": {
            "value": 46.14580165062632,
            "min": 6.6103345192968845,
            "max": 91.02708625886589,
            "count": 31
        },
        "MyBehavior.Policy.ExtrinsicReward.sum": {
            "value": 323.02061155438423,
            "min": 6.7455661948770285,
            "max": 455.13543129432946,
            "count": 31
        }
    },
    "metadata": {
        "timer_format_version": "0.1.0",
        "start_time_seconds": "1669650291",
        "python_version": "3.9.13 (tags/v3.9.13:6de2ca5, May 17 2022, 16:36:42) [MSC v.1929 64 bit (AMD64)]",
        "command_line_arguments": "D:\\Github\\TesiRacingGame\\RacingPrototype\\venv\\Scripts\\mlagents-learn config\\MyAgentBehavior.yaml --run-id=Curriculum0000",
        "mlagents_version": "0.29.0",
        "mlagents_envs_version": "0.29.0",
        "communication_protocol_version": "1.5.0",
        "pytorch_version": "1.7.1+cu110",
        "numpy_version": "1.21.2",
        "end_time_seconds": "1669650860"
    },
    "total": 569.682456,
    "count": 1,
    "self": 0.007502499999986867,
    "children": {
        "run_training.setup": {
            "total": 0.08052860000000006,
            "count": 1,
            "self": 0.08052860000000006
        },
        "TrainerController.start_learning": {
            "total": 569.5944249,
            "count": 1,
            "self": 1.7961940999988428,
            "children": {
                "TrainerController._reset_env": {
                    "total": 8.2979315,
                    "count": 1,
                    "self": 8.2979315
                },
                "TrainerController.advance": {
                    "total": 559.4237020000012,
                    "count": 56174,
                    "self": 2.02235639998878,
                    "children": {
                        "env_step": {
                            "total": 390.6356643000146,
                            "count": 56174,
                            "self": 313.3062599999996,
                            "children": {
                                "SubprocessEnvManager._take_step": {
                                    "total": 76.6027285000012,
                                    "count": 56174,
                                    "self": 2.8834061999977223,
                                    "children": {
                                        "TorchPolicy.evaluate": {
                                            "total": 73.71932230000348,
                                            "count": 56174,
                                            "self": 14.525149400009276,
                                            "children": {
                                                "TorchPolicy.sample_actions": {
                                                    "total": 59.19417289999421,
                                                    "count": 56174,
                                                    "self": 59.19417289999421
                                                }
                                            }
                                        }
                                    }
                                },
                                "workers": {
                                    "total": 0.7266758000137994,
                                    "count": 56174,