{
    "name": "root",
    "gauges": {
        "MyBehavior.Policy.Entropy.mean": {
            "value": 1.468907117843628,
            "min": 1.4611454010009766,
            "max": 2.1121551990509033,
            "count": 150
        },
        "MyBehavior.Policy.Entropy.sum": {
            "value": 14806.583984375,
            "min": 14187.03125,
            "max": 21628.46875,
            "count": 150
        },
        "MyBehavior.Step.mean": {
            "value": 1499949.0,
            "min": 9984.0,
            "max": 1499949.0,
            "count": 150
        },
        "MyBehavior.Step.sum": {
            "value": 1499949.0,
            "min": 9984.0,
            "max": 1499949.0,
            "count": 150
        },
        "MyBehavior.Policy.ExtrinsicValueEstimate.mean": {
            "value": 4.906329154968262,
            "min": 0.0429861955344677,
            "max": 5.009276390075684,
            "count": 150
        },
        "MyBehavior.Policy.ExtrinsicValueEstimate.sum": {
            "value": 770.2936401367188,
            "min": 6.705846786499023,
            "max": 786.4563598632812,
            "count": 150
        },
        "MyBehavior.IsTraining.mean": {
            "value": 1.0,
            "min": 1.0,
            "max": 1.0,
            "count": 150
        },
        "MyBehavior.IsTraining.sum": {
            "value": 1.0,
            "min": 1.0,
            "max": 1.0,
            "count": 150
        },
        "MyBehavior.Losses.PolicyLoss.mean": {
            "value": 0.022158221784047784,
            "min": 0.016600767734538144,
            "max": 0.03528455902511875,
            "count": 143
        },
        "MyBehavior.Losses.PolicyLoss.sum": {
            "value": 0.022158221784047784,
            "min": 0.016600767734538144,
            "max": 0.03528455902511875,
            "count": 143
        },
        "MyBehavior.Losses.ValueLoss.mean": {
            "value": 0.03701428491622209,
            "min": 0.000826030811165563,
            "max": 0.07414507120847702,
            "count": 143
        },
        "MyBehavior.Losses.ValueLoss.sum": {
            "value": 0.03701428491622209,
            "min": 0.000826030811165563,
            "max": 0.07414507120847702,
            "count": 143
        },
        "MyBehavior.Policy.LearningRate.mean": {
            "value": 8.883324460000181e-08,
            "min": 8.883324460000181e-08,
            "max": 9.91808008192e-05,
            "count": 143
        },
        "MyBehavior.Policy.LearningRate.sum": {
            "value": 8.883324460000181e-08,
            "min": 8.883324460000181e-08,
            "max": 9.91808008192e-05,
            "count": 143
        },
        "MyBehavior.Policy.Epsilon.mean": {
            "value": 0.1000887333333333,
            "min": 0.1000887333333333,
            "max": 0.1991808,
            "count": 143
        },
        "MyBehavior.Policy.Epsilon.sum": {
            "value": 0.1000887333333333,
            "min": 0.1000887333333333,
            "max": 0.1991808,
            "count": 143
        },
        "MyBehavior.Policy.Beta.mean": {
            "value": 1.4427793333333418e-05,
            "min": 1.4427793333333418e-05,
            "max": 0.00495912192,
            "count": 143
        },
        "MyBehavior.Policy.Beta.sum": {
            "value": 1.4427793333333418e-05,
            "min": 1.4427793333333418e-05,
            "max": 0.00495912192,
            "count": 143
        },
        "MyBehavior.Environment.EpisodeLength.mean": {
            "value": 3151.0,
            "min": 420.0,
            "max": 7748.0,
            "count": 116
        },
        "MyBehavior.Environment.EpisodeLength.sum": {
            "value": 6302.0,
            "min": 840.0,
            "max": 43263.0,
            "count": 116
        },
        "MyBehavior.Environment.CumulativeReward.mean": {
            "value": 140.90983575582504,
            "min": 5.2629228085279465,
            "max": 158.6499200463295,
            "count": 116
        },
        "MyBehavior.Environment.CumulativeReward.sum": {
            "value": 281.8196715116501,
            "min": 10.525845617055893,
            "max": 996.5837841033936,
            "count": 116
        },
        "MyBehavior.Policy.ExtrinsicReward.mean": {
            "value": 140.90983575582504,
            "min": 5.2629228085279465,
            "max": 158.6499200463295,
            "count": 116
        },
        "MyBehavior.Policy.ExtrinsicReward.sum": {
            "value": 281.8196715116501,
            "min": 10.525845617055893,
            "max": 996.5837841033936,
            "count": 116
        }
    },
    "metadata": {
        "timer_format_version": "0.1.0",
        "start_time_seconds": "1669571494",
        "python_version": "3.9.13 (tags/v3.9.13:6de2ca5, May 17 2022, 16:36:42) [MSC v.1929 64 bit (AMD64)]",
        "command_line_arguments": "D:\\Github\\TesiRacingGame\\RacingPrototype\\venv\\Scripts\\mlagents-learn config\\MyAgentBehavior.yaml --run-id=SensorNew",
        "mlagents_version": "0.29.0",
        "mlagents_envs_version": "0.29.0",
        "communication_protocol_version": "1.5.0",
        "pytorch_version": "1.7.1+cu110",
        "numpy_version": "1.21.2",
        "end_time_seconds": "1669572346"
    },
    "total": 852.1187082,
    "count": 1,
    "self": 0.005948600000010629,
    "children": {
        "run_training.setup": {
            "total": 0.08149129999999993,
            "count": 1,
            "self": 0.08149129999999993
        },
        "TrainerController.start_learning": {
            "total": 852.0312683,
            "count": 1,
            "self": 0.7836085000060393,
            "children": {
                "TrainerController._reset_env": {
                    "total": 11.162244999999999,
                    "count": 1,
                    "self": 11.162244999999999
                },
                "TrainerController.advance": {
                    "total": 840.0311257999939,
                    "count": 46913,
                    "self": 0.6781560999996827,
                    "children": {
                        "env_step": {
                            "total": 429.9951457999938,
                            "count": 46913,
                            "self": 374.25197709998963,
                            "children": {
                                "SubprocessEnvManager._take_step": {
                                    "total": 55.28521800000357,
                                    "count": 46913,
                                    "self": 2.2065412999954006,
                                    "children": {
                                        "TorchPolicy.evaluate": {
                                            "total": 53.07867670000817,
                                            "count": 46913,
                                            "self": 9.46845510000805,
                                            "children": {
                                                "TorchPolicy.sample_actions": {
                                                    "total": 43.610221600000116,
                                                    "count": 46913,
                                                    "self": 43.610221600000116
                                                }
                                            }
                                        }
                                    }
                                },
                                "workers": {
                                    "total": 0.457950700000584,
                                    "count": 46913,
                                    "self": 0.0,
                                    "children": {
                                        "worker_root": {
                                            "total": 839.8512453999973,
                                            "count": 46913,
                                            "is_parallel": true,