{
    "name": "root",
    "gauges": {
        "MyBehavior.Policy.Entropy.mean": {
            "value": 1.3368571996688843,
            "min": 1.3314927816390991,
            "max": 2.09771728515625,
            "count": 27
        },
        "MyBehavior.Policy.Entropy.sum": {
            "value": 67078.1484375,
            "min": 66340.296875,
            "max": 107403.125,
            "count": 27
        },
        "MyBehavior.Step.mean": {
            "value": 1349964.0,
            "min": 49984.0,
            "max": 1349964.0,
            "count": 27
        },
        "MyBehavior.Step.sum": {
            "value": 1349964.0,
            "min": 49984.0,
            "max": 1349964.0,
            "count": 27
        },
        "MyBehavior.Policy.ExtrinsicValueEstimate.mean": {
            "value": 0.6692372560501099,
            "min": 0.036482688039541245,
            "max": 0.6692372560501099,
            "count": 27
        },
        "MyBehavior.Policy.ExtrinsicValueEstimate.sum": {
            "value": 524.6820068359375,
            "min": 28.492979049682617,
            "max": 524.6820068359375,
            "count": 27
        },
        "MyBehavior.Losses.PolicyLoss.mean": {
            "value": 0.022982851372973526,
            "min": 0.021596142479087577,
            "max": 0.02687002695638512,
            "count": 27
        },
        "MyBehavior.Losses.PolicyLoss.sum": {
            "value": 0.11491425686486763,
            "min": 0.09153847358938946,
            "max": 0.12716795004856976,
            "count": 27
        },
        "MyBehavior.Losses.ValueLoss.mean": {
            "value": 0.0012051567430025898,
            "min": 7.134689558370154e-05,
            "max": 0.002975755723309703,
            "count": 27
        },
        "MyBehavior.Losses.ValueLoss.sum": {
            "value": 0.006025783715012949,
            "min": 0.00028538758233480615,
            "max": 0.011903022893238812,
            "count": 27
        },
        "MyBehavior.Policy.LearningRate.mean": {
            "value": 3.419680860109333e-05,
            "min": 3.419680860109333e-05,
            "max": 0.0002938560020479999,
            "count": 27
        },
        "MyBehavior.Policy.LearningRate.sum": {
            "value": 0.00017098404300546665,
            "min": 0.00017098404300546665,
            "max": 0.0013243104585631998,
            "count": 27
        },
        "MyBehavior.Policy.Epsilon.mean": {
            "value": 0.11139890666666667,
            "min": 0.11139890666666667,
            "max": 0.19795200000000002,
            "count": 27
        },
        "MyBehavior.Policy.Epsilon.sum": {
            "value": 0.5569945333333334,
            "min": 0.5268221333333334,
            "max": 0.9414368000000003,
            "count": 27
        },
        "MyBehavior.Policy.Beta.mean": {
            "value": 0.000122849176,
            "min": 0.000122849176,
            "max": 0.0009797247999999998,
            "count": 27
        },
        "MyBehavior.Policy.Beta.sum": {
            "value": 0.00061424588,
            "min": 0.00061424588,
            "max": 0.00442022432,
            "count": 27
        },
        "MyBehavior.IsTraining.mean": {
            "value": 1.0,
            "min": 1.0,
            "max": 1.0,
            "count": 27
        },
        "MyBehavior.IsTraining.sum": {
            "value": 1.0,
            "min": 1.0,
            "max": 1.0,
            "count": 27
        },
        "MyBehavior.Environment.EpisodeLength.mean": {
            "value": 1809.0,
            "min": 1809.0,
            "max": 28412.0,
            "count": 18
        },
        "MyBehavior.Environment.EpisodeLength.sum": {
            "value": 9045.0,
            "min": 4790.0,
            "max": 132708.0,
            "count": 18
        },
        "MyBehavior.Environment.CumulativeReward.mean": {
            "value": 16.335365945100783,
            "min": 6.730170477647334,
            "max": 178.38364413380623,
            "count": 18
        },
        "MyBehavior.Environment.CumulativeReward.sum": {
            "value": 81.67682972550392,
            "min": 13.460340955294669,
            "max": 773.0564966509119,
            "count": 18
        },
        "MyBehavior.Policy.ExtrinsicReward.mean": {
            "value": 16.335365945100783,
            "min": 6.730170477647334,
            "max": 178.38364413380623,
            "count": 18
        },
        "MyBehavior.Policy.ExtrinsicReward.sum": {
            "value": 81.67682972550392,
            "min": 13.460340955294669,
            "max": 773.0564966509119,
            "count": 18
        }
    },
    "metadata": {
        "timer_format_version": "0.1.0",
        "start_time_seconds": "1669487513",
        "python_version": "3.9.13 (tags/v3.9.13:6de2ca5, May 17 2022, 16:36:42) [MSC v.1929 64 bit (AMD64)]",
        "command_line_arguments": "D:\\Github\\TesiRacingGame\\RacingPrototype\\venv\\Scripts\\mlagents-learn config\\MyAgentBehavior.yaml --run-id=NoVelocityReward --force",
        "mlagents_version": "0.29.0",
        "mlagents_envs_version": "0.29.0",
        "communication_protocol_version": "1.5.0",
        "pytorch_version": "1.7.1+cu110",
        "numpy_version": "1.21.2",
        "end_time_seconds": "1669488561"
    },
    "total": 1047.2782855,
    "count": 1,
    "self": 0.004376399999955538,
    "children": {
        "run_training.setup": {
            "total": 0.07972010000000007,
            "count": 1,
            "self": 0.07972010000000007
        },
        "TrainerController.start_learning": {
            "total": 1047.194189,
            "count": 1,
            "self": 0.8130982999916796,
            "children": {
                "TrainerController._reset_env": {
                    "total": 14.5825552,
                    "count": 1,
                    "self": 14.5825552
                },
                "TrainerController.advance": {
                    "total": 1031.7302590000083,
                    "count": 43604,
                    "self": 0.7730369000184965,
                    "children": {
                        "env_step": {
                            "total": 472.7269716999896,
                            "count": 43604,
                            "self": 415.58410700000536,
                            "children": {
                                "SubprocessEnvManager._take_step": {
                                    "total": 56.652662999981395,
                                    "count": 43604,
                                    "self": 2.2030892999800997,
                                    "children": {
                                        "TorchPolicy.evaluate": {
                                            "total": 54.449573700001295,
                                            "count": 43604,
                                            "self": 9.719633000001544,
                                            "children": {
                                                "TorchPolicy.sample_actions": {
                                                    "total": 44.72994069999975,
                                                    "count": 43604,
                                                    "self": 44.72994069999975
                                                }
                                            }
                                        }
                                    }
                                },
                                "workers": {
                                    "total": 0.49020170000282626,
                                    "count": 43604,
                                    "self": 0.0,
                                    "children": {
                                        "worker_root": {
                                            "total": 1031.6371850000035,
                                            "count": 43604,
                                            "is_parallel": true,