{
    "name": "root",
    "gauges": {
        "MyBehavior.Policy.Entropy.mean": {
            "value": 1.5766578912734985,
            "min": 1.20207679271698,
            "max": 1.8040848970413208,
            "count": 30
        },
        "MyBehavior.Policy.Entropy.sum": {
            "value": 78914.8828125,
            "min": 60469.2734375,
            "max": 89908.375,
            "count": 30
        },
        "MyBehavior.Environment.LessonNumber.config_num.mean": {
            "value": 4.0,
            "min": 0.0,
            "max": 4.0,
            "count": 30
        },
        "MyBehavior.Environment.LessonNumber.config_num.sum": {
            "value": 4.0,
            "min": 0.0,
            "max": 4.0,
            "count": 30
        },
        "MyBehavior.Step.mean": {
            "value": 1499947.0,
            "min": 49981.0,
            "max": 1499947.0,
            "count": 30
        },
        "MyBehavior.Step.sum": {
            "value": 1499947.0,
            "min": 49981.0,
            "max": 1499947.0,
            "count": 30
        },
        "MyBehavior.Policy.ExtrinsicValueEstimate.mean": {
            "value": 1.6155840158462524,
            "min": 1.6155840158462524,
            "max": 5.704023361206055,
            "count": 30
        },
        "MyBehavior.Policy.ExtrinsicValueEstimate.sum": {
            "value": 1271.464599609375,
            "min": 1271.464599609375,
            "max": 4534.69873046875,
            "count": 30
        },
        "MyBehavior.Losses.PolicyLoss.mean": {
            "value": 0.02602041577144215,
            "min": 0.021290886988742083,
            "max": 0.029704964501434006,
            "count": 30
        },
        "MyBehavior.Losses.PolicyLoss.sum": {
            "value": 0.13010207885721076,
            "min": 0.09027914304557877,
            "max": 0.13010207885721076,
            "count": 30
        },
        "MyBehavior.Losses.ValueLoss.mean": {
            "value": 0.05139558690289656,
            "min": 0.03480084081490835,
            "max": 0.16218167965610822,
            "count": 30
        },
        "MyBehavior.Losses.ValueLoss.sum": {
            "value": 0.2569779345144828,
            "min": 0.15048629995435475,
            "max": 0.6487267186244329,
            "count": 30
        },
        "MyBehavior.Policy.LearningRate.mean": {
            "value": 5.426618191160007e-06,
            "min": 5.426618191160007e-06,
            "max": 0.00029469540176819996,
            "count": 30
        },
        "MyBehavior.Policy.LearningRate.sum": {
            "value": 2.7133090955800037e-05,
            "min": 2.7133090955800037e-05,
            "max": 0.0014269686243437998,
            "count": 30
        },
        "MyBehavior.Policy.Epsilon.mean": {
            "value": 0.10180884000000001,
            "min": 0.10180884000000001,
            "max": 0.19823179999999999,
            "count": 30
        },
        "MyBehavior.Policy.Epsilon.sum": {
            "value": 0.5090442000000001,
            "min": 0.43326833333333337,
            "max": 0.9756562,
            "count": 30
        },
        "MyBehavior.Policy.Beta.mean": {
            "value": 0.00010026111600000014,
            "min": 0.00010026111600000014,
            "max": 0.00491176682,
            "count": 30
        },
        "MyBehavior.Policy.Beta.sum": {
            "value": 0.0005013055800000007,
            "min": 0.0005013055800000007,
            "max": 0.02378524438,
            "count": 30
        },
        "MyBehavior.Environment.EpisodeLength.mean": {
            "value": 4427.461538461538,
            "min": 1573.1777777777777,
            "max": 8609.5,
            "count": 30
        },
        "MyBehavior.Environment.EpisodeLength.sum": {
            "value": 57557.0,
            "min": 6938.0,
            "max": 86715.0,
            "count": 30
        },
        "MyBehavior.Environment.CumulativeReward.mean": {
            "value": 71.36499613681092,
            "min": 32.62899854292886,
            "max": 177.52999176103623,
            "count": 30
        },
        "MyBehavior.Environment.CumulativeReward.sum": {
            "value": 927.7449497785419,
            "min": 143.67499352619052,
            "max": 3464.564819790423,
            "count": 30
        },
        "MyBehavior.Policy.ExtrinsicReward.mean": {
            "value": 71.36499613681092,
            "min": 32.62899854292886,
            "max": 177.52999176103623,
            "count": 30
        },
        "MyBehavior.Policy.ExtrinsicReward.sum": {
            "value": 927.7449497785419,
            "min": 143.67499352619052,
            "max": 3464.564819790423,
            "count": 30
        },
        "MyBehavior.IsTraining.mean": {
            "value": 1.0,
            "min": 1.0,
            "max": 1.0,
            "count": 30
        },
        "MyBehavior.IsTraining.sum": {
            "value": 1.0,
            "min": 1.0,
            "max": 1.0,
            "count": 30
        }
    },
    "metadata": {
        "timer_format_version": "0.1.0",
        "start_time_seconds": "1693335556",
        "python_version": "3.9.17 (main, Jul  5 2023, 20:47:11) [MSC v.1916 64 bit (AMD64)]",
        "command_line_arguments": "D:\\Users\\Polito\\Daniele\\Anaconda\\envs\\tf_gpu\\Scripts\\mlagents-learn config/BaseConfig.yaml --run-id=Base_IncreasedSensor_AlwaysAcc_IncreasedPenaltyMoveX_break_1 --initialize-from=Base_IncreasedSensor_AlwaysAcc_IncreasedPenaltyMoveX_break_0",
        "mlagents_version": "0.30.0",
        "mlagents_envs_version": "0.30.0",
        "communication_protocol_version": "1.5.0",
        "pytorch_version": "1.7.1+cu110",
        "numpy_version": "1.21.2",
        "end_time_seconds": "1693340533"
    },
    "total": 4976.207990122,
    "count": 1,
    "self": 0.03986400499979936,
    "children": {
        "run_training.setup": {
            "total": 0.28322370600000024,
            "count": 1,
            "self": 0.28322370600000024
        },
        "TrainerController.start_learning": {
            "total": 4975.884902411,
            "count": 1,
            "self": 7.39935900897035,
            "children": {
                "TrainerController._reset_env": {
                    "total": 30.217159443,
                    "count": 1,
                    "self": 30.217159443
                },
                "TrainerController.advance": {
                    "total": 4938.064033126029,
                    "count": 125033,
                    "self": 10.31826474904392,
                    "children": {
                        "env_step": {
                            "total": 4084.105217712002,
                            "count": 125033,
                            "self": 3471.0926756988842,
                            "children": {
                                "SubprocessEnvManager._take_step": {
                                    "total": 608.8367053710298,
                                    "count": 125033,
                                    "self": 14.450224852020824,
                                    "children": {
                                        "TorchPolicy.evaluate": {
                                            "total": 594.386480519009,
                                            "count": 125033,
                                            "self": 594.386480519009
                                        }
                                    }
                                },
                                "workers": {
                                    "total": 4.175836642087866,
                                    "count": 125033,
                                    "self": 0.0,
                                    "children": {
                                        "worker_root": {
                                            "total": 4939.4027687950365,
                                            "count": 125033,