{
    "name": "root",
    "gauges": {
        "MyBehavior.Policy.Entropy.mean": {
            "value": 1.770775318145752,
            "min": 1.6771777868270874,
            "max": 2.884904384613037,
            "count": 30
        },
        "MyBehavior.Policy.Entropy.sum": {
            "value": 88694.59375,
            "min": 83825.34375,
            "max": 145191.46875,
            "count": 30
        },
        "MyBehavior.Environment.LessonNumber.config_num.mean": {
            "value": 4.0,
            "min": 0.0,
            "max": 4.0,
            "count": 30
        },
        "MyBehavior.Environment.LessonNumber.config_num.sum": {
            "value": 4.0,
            "min": 0.0,
            "max": 4.0,
            "count": 30
        },
        "MyBehavior.Step.mean": {
            "value": 1499985.0,
            "min": 49968.0,
            "max": 1499985.0,
            "count": 30
        },
        "MyBehavior.Step.sum": {
            "value": 1499985.0,
            "min": 49968.0,
            "max": 1499985.0,
            "count": 30
        },
        "MyBehavior.Policy.ExtrinsicValueEstimate.mean": {
            "value": 0.9644817113876343,
            "min": 0.373540461063385,
            "max": 3.4049906730651855,
            "count": 30
        },
        "MyBehavior.Policy.ExtrinsicValueEstimate.sum": {
            "value": 781.2301635742188,
            "min": 296.21759033203125,
            "max": 2676.32275390625,
            "count": 30
        },
        "MyBehavior.Environment.EpisodeLength.mean": {
            "value": 825.9122807017544,
            "min": 329.82142857142856,
            "max": 7753.714285714285,
            "count": 28
        },
        "MyBehavior.Environment.EpisodeLength.sum": {
            "value": 47077.0,
            "min": 20597.0,
            "max": 108552.0,
            "count": 28
        },
        "MyBehavior.Environment.CumulativeReward.mean": {
            "value": 10.052016982759692,
            "min": 3.2187497969916357,
            "max": 150.31124369148165,
            "count": 28
        },
        "MyBehavior.Environment.CumulativeReward.sum": {
            "value": 572.9649680173025,
            "min": 384.02997600100935,
            "max": 1927.499905324541,
            "count": 28
        },
        "MyBehavior.Policy.ExtrinsicReward.mean": {
            "value": 10.052016982759692,
            "min": 3.2187497969916357,
            "max": 150.31124369148165,
            "count": 28
        },
        "MyBehavior.Policy.ExtrinsicReward.sum": {
            "value": 572.9649680173025,
            "min": 384.02997600100935,
            "max": 1927.499905324541,
            "count": 28
        },
        "MyBehavior.Losses.PolicyLoss.mean": {
            "value": 0.02306247859009697,
            "min": 0.02025044146964016,
            "max": 0.027496245946046355,
            "count": 30
        },
        "MyBehavior.Losses.PolicyLoss.sum": {
            "value": 0.11531239295048484,
            "min": 0.08100176587856064,
            "max": 0.13200308871261465,
            "count": 30
        },
        "MyBehavior.Losses.ValueLoss.mean": {
            "value": 0.021011738056937852,
            "min": 0.019912827803442876,
            "max": 0.11649777408068379,
            "count": 30
        },
        "MyBehavior.Losses.ValueLoss.sum": {
            "value": 0.10505869028468927,
            "min": 0.08115631183609366,
            "max": 0.46599109632273517,
            "count": 30
        },
        "MyBehavior.Policy.LearningRate.mean": {
            "value": 5.68905810368e-06,
            "min": 5.68905810368e-06,
            "max": 0.00029470665176444997,
            "count": 30
        },
        "MyBehavior.Policy.LearningRate.sum": {
            "value": 2.8445290518400003e-05,
            "min": 2.8445290518400003e-05,
            "max": 0.0014271634242788666,
            "count": 30
        },
        "MyBehavior.Policy.Epsilon.mean": {
            "value": 0.10189632000000001,
            "min": 0.10189632000000001,
            "max": 0.19823555000000007,
            "count": 30
        },
        "MyBehavior.Policy.Epsilon.sum": {
            "value": 0.5094816000000001,
            "min": 0.4199065333333334,
            "max": 0.9757211333333335,
            "count": 30
        },
        "MyBehavior.Policy.Beta.mean": {
            "value": 0.000104626368,
            "min": 0.000104626368,
            "max": 0.004911953945000001,
            "count": 30
        },
        "MyBehavior.Policy.Beta.sum": {
            "value": 0.00052313184,
            "min": 0.00052313184,
            "max": 0.023788484553333336,
            "count": 30
        },
        "MyBehavior.IsTraining.mean": {
            "value": 1.0,
            "min": 1.0,
            "max": 1.0,
            "count": 30
        },
        "MyBehavior.IsTraining.sum": {
            "value": 1.0,
            "min": 1.0,
            "max": 1.0,
            "count": 30
        }
    },
    "metadata": {
        "timer_format_version": "0.1.0",
        "start_time_seconds": "1693329809",
        "python_version": "3.9.17 (main, Jul  5 2023, 20:47:11) [MSC v.1916 64 bit (AMD64)]",
        "command_line_arguments": "D:\\Users\\Polito\\Daniele\\Anaconda\\envs\\tf_gpu\\Scripts\\mlagents-learn config/BaseConfig.yaml --run-id=Base_IncreasedSensor_AlwaysAcc_IncreasedPenaltyMoveX_break_0 --force",
        "mlagents_version": "0.30.0",
        "mlagents_envs_version": "0.30.0",
        "communication_protocol_version": "1.5.0",
        "pytorch_version": "1.7.1+cu110",
        "numpy_version": "1.21.2",
        "end_time_seconds": "1693335113"
    },
    "total": 5303.924420003,
    "count": 1,
    "self": 0.045465834000424366,
    "children": {
        "run_training.setup": {
            "total": 0.33287722299999967,
            "count": 1,
            "self": 0.33287722299999967
        },
        "TrainerController.start_learning": {
            "total": 5303.546076946,
            "count": 1,
            "self": 7.8413690960651365,
            "children": {
                "TrainerController._reset_env": {
                    "total": 44.498804457000006,
                    "count": 1,
                    "self": 44.498804457000006
                },
                "TrainerController.advance": {
                    "total": 5250.9993461339345,
                    "count": 125040,
                    "self": 11.270538232916806,
                    "children": {
                        "env_step": {
                            "total": 4348.123225317984,
                            "count": 125040,
                            "self": 3697.350672148,
                            "children": {
                                "SubprocessEnvManager._take_step": {
                                    "total": 646.4370915109972,
                                    "count": 125040,
                                    "self": 16.77153208411221,
                                    "children": {
                                        "TorchPolicy.evaluate": {
                                            "total": 629.665559426885,
                                            "count": 125040,
                                            "self": 629.665559426885
                                        }
                                    }
                                },
                                "workers": {
                                    "total": 4.335461658986944,
                                    "count": 125040,
                                    "self": 0.0,
                                    "children": {
                                        "worker_root": {
                                            "total": 5261.873919385998,
                                            "count": 125040,
                                            "is_parallel": true,