{
    "name": "root",
    "gauges": {
        "MyBehavior.Policy.Entropy.mean": {
            "value": 0.9475703835487366,
            "min": 0.9475703835487366,
            "max": 2.889242172241211,
            "count": 72
        },
        "MyBehavior.Policy.Entropy.sum": {
            "value": 9445.3818359375,
            "min": 9445.3818359375,
            "max": 31065.1328125,
            "count": 72
        },
        "MyBehavior.Environment.LessonNumber.config_num.mean": {
            "value": 2.0,
            "min": 0.0,
            "max": 2.0,
            "count": 72
        },
        "MyBehavior.Environment.LessonNumber.config_num.sum": {
            "value": 2.0,
            "min": 0.0,
            "max": 2.0,
            "count": 72
        },
        "MyBehavior.Step.mean": {
            "value": 719997.0,
            "min": 9984.0,
            "max": 719997.0,
            "count": 72
        },
        "MyBehavior.Step.sum": {
            "value": 719997.0,
            "min": 9984.0,
            "max": 719997.0,
            "count": 72
        },
        "MyBehavior.Policy.ExtrinsicValueEstimate.mean": {
            "value": 1.1821908950805664,
            "min": 0.003181060077622533,
            "max": 2.625032663345337,
            "count": 72
        },
        "MyBehavior.Policy.ExtrinsicValueEstimate.sum": {
            "value": 191.51492309570312,
            "min": 0.4962453842163086,
            "max": 412.130126953125,
            "count": 72
        },
        "MyBehavior.IsTraining.mean": {
            "value": 1.0,
            "min": 1.0,
            "max": 1.0,
            "count": 72
        },
        "MyBehavior.IsTraining.sum": {
            "value": 1.0,
            "min": 1.0,
            "max": 1.0,
            "count": 72
        },
        "MyBehavior.Losses.PolicyLoss.mean": {
            "value": 0.10190195788280107,
            "min": 0.0840486518407124,
            "max": 0.1383150296541862,
            "count": 71
        },
        "MyBehavior.Losses.PolicyLoss.sum": {
            "value": 0.10190195788280107,
            "min": 0.0840486518407124,
            "max": 0.1383150296541862,
            "count": 71
        },
        "MyBehavior.Losses.ValueLoss.mean": {
            "value": 0.08995530229061842,
            "min": 0.011899390420876444,
            "max": 0.21252684995532037,
            "count": 71
        },
        "MyBehavior.Losses.ValueLoss.sum": {
            "value": 0.08995530229061842,
            "min": 0.011899390420876444,
            "max": 0.21252684995532037,
            "count": 71
        },
        "MyBehavior.Policy.LearningRate.mean": {
            "value": 0.0015735540475481993,
            "min": 0.0015735540475481993,
            "max": 0.0029784960007168,
            "count": 71
        },
        "MyBehavior.Policy.LearningRate.sum": {
            "value": 0.0015735540475481993,
            "min": 0.0015735540475481993,
            "max": 0.0029784960007168,
            "count": 71
        },
        "MyBehavior.Policy.Epsilon.mean": {
            "value": 0.15245180000000005,
            "min": 0.15245180000000005,
            "max": 0.19928320000000002,
            "count": 71
        },
        "MyBehavior.Policy.Epsilon.sum": {
            "value": 0.15245180000000005,
            "min": 0.15245180000000005,
            "max": 0.19928320000000002,
            "count": 71
        },
        "MyBehavior.Policy.Beta.mean": {
            "value": 0.0005292728200000002,
            "min": 0.0005292728200000002,
            "max": 0.0009929036800000006,
            "count": 71
        },
        "MyBehavior.Policy.Beta.sum": {
            "value": 0.0005292728200000002,
            "min": 0.0005292728200000002,
            "max": 0.0009929036800000006,
            "count": 71
        },
        "MyBehavior.Environment.EpisodeLength.mean": {
            "value": 658.4615384615385,
            "min": 538.0,
            "max": 1795.5,
            "count": 69
        },
        "MyBehavior.Environment.EpisodeLength.sum": {
            "value": 8560.0,
            "min": 861.0,
            "max": 23014.0,
            "count": 69
        },
        "MyBehavior.Environment.CumulativeReward.mean": {
            "value": 10.428935188620995,
            "min": 1.2607719692815509,
            "max": 60.70183102786541,
            "count": 69
        },
        "MyBehavior.Environment.CumulativeReward.sum": {
            "value": 135.57615745207295,
            "min": 2.303533668629825,
            "max": 789.1238033622503,
            "count": 69
        },
        "MyBehavior.Policy.ExtrinsicReward.mean": {
            "value": 10.428935188620995,
            "min": 1.2607719692815509,
            "max": 60.70183102786541,
            "count": 69
        },
        "MyBehavior.Policy.ExtrinsicReward.sum": {
            "value": 135.57615745207295,
            "min": 2.303533668629825,
            "max": 789.1238033622503,
            "count": 69
        }
    },
    "metadata": {
        "timer_format_version": "0.1.0",
        "start_time_seconds": "1680093896",
        "python_version": "3.9.13 (tags/v3.9.13:6de2ca5, May 17 2022, 16:36:42) [MSC v.1929 64 bit (AMD64)]",
        "command_line_arguments": "D:\\Github\\TesiRacingGame\\RacingPrototype\\venv\\Scripts\\mlagents-learn config\\MoreComplex.yaml --run-id=MoreComplex0_AllRew",
        "mlagents_version": "0.29.0",
        "mlagents_envs_version": "0.29.0",
        "communication_protocol_version": "1.5.0",
        "pytorch_version": "1.7.1+cu110",
        "numpy_version": "1.21.2",
        "end_time_seconds": "1680096321"
    },
    "total": 2425.5403650999997,
    "count": 1,
    "self": 0.009590999999545602,
    "children": {
        "run_training.setup": {
            "total": 0.08491819999999994,
            "count": 1,
            "self": 0.08491819999999994
        },
        "TrainerController.start_learning": {
            "total": 2425.4458559,
            "count": 1,
            "self": 0.4956447999907141,
            "children": {
                "TrainerController._reset_env": {
                    "total": 7.277319899999999,
                    "count": 1,
                    "self": 7.277319899999999
                },
                "TrainerController.advance": {
                    "total": 2417.4662606000093,
                    "count": 12943,
                    "self": 0.47778460001291023,
                    "children": {
                        "env_step": {
                            "total": 439.9935224999943,
                            "count": 12943,
                            "self": 289.20476160000294,
                            "children": {
                                "SubprocessEnvManager._take_step": {
                                    "total": 150.6142813999969,
                                    "count": 12943,
                                    "self": 3.6061286999719186,
                                    "children": {
                                        "TorchPolicy.evaluate": {
                                            "total": 147.008152700025,
                                            "count": 51772,
                                            "self": 11.845618500052666,
                                            "children": {
                                                "TorchPolicy.sample_actions": {
                                                    "total": 135.16253419997233,
                                                    "count": 51772,
                                                    "self": 135.16253419997233
                                                }
                                            }
                                        }
                                    }
                                },
                                "workers": {
                                    "total": 0.1744794999944297,