{
    "name": "root",
    "gauges": {
        "MyBehavior.Policy.Entropy.mean": {
            "value": 1.9388622045516968,
            "min": 1.898520827293396,
            "max": 2.8774824142456055,
            "count": 30
        },
        "MyBehavior.Policy.Entropy.sum": {
            "value": 96950.8671875,
            "min": 94888.0703125,
            "max": 145266.828125,
            "count": 30
        },
        "MyBehavior.Environment.LessonNumber.config_num.mean": {
            "value": 4.0,
            "min": 0.0,
            "max": 4.0,
            "count": 30
        },
        "MyBehavior.Environment.LessonNumber.config_num.sum": {
            "value": 4.0,
            "min": 0.0,
            "max": 4.0,
            "count": 30
        },
        "MyBehavior.Step.mean": {
            "value": 1499954.0,
            "min": 49959.0,
            "max": 1499954.0,
            "count": 30
        },
        "MyBehavior.Step.sum": {
            "value": 1499954.0,
            "min": 49959.0,
            "max": 1499954.0,
            "count": 30
        },
        "MyBehavior.Policy.ExtrinsicValueEstimate.mean": {
            "value": 0.5444545745849609,
            "min": -0.09878320246934891,
            "max": 2.2607927322387695,
            "count": 30
        },
        "MyBehavior.Policy.ExtrinsicValueEstimate.sum": {
            "value": 425.76348876953125,
            "min": -80.11317443847656,
            "max": 1776.983154296875,
            "count": 30
        },
        "MyBehavior.Losses.PolicyLoss.mean": {
            "value": 0.022158726299991636,
            "min": 0.02103758153292195,
            "max": 0.02670207564777229,
            "count": 30
        },
        "MyBehavior.Losses.PolicyLoss.sum": {
            "value": 0.11079363149995818,
            "min": 0.08775188649839645,
            "max": 0.13351037823886144,
            "count": 30
        },
        "MyBehavior.Losses.ValueLoss.mean": {
            "value": 0.03899293910712003,
            "min": 0.018339646405850847,
            "max": 0.04887968231923878,
            "count": 30
        },
        "MyBehavior.Losses.ValueLoss.sum": {
            "value": 0.19496469553560017,
            "min": 0.08757467571025093,
            "max": 0.2429553955172499,
            "count": 30
        },
        "MyBehavior.Policy.LearningRate.mean": {
            "value": 5.511378162906665e-06,
            "min": 5.511378162906665e-06,
            "max": 0.00029476925174358335,
            "count": 30
        },
        "MyBehavior.Policy.LearningRate.sum": {
            "value": 2.7556890814533326e-05,
            "min": 2.7556890814533326e-05,
            "max": 0.0014275670241443333,
            "count": 30
        },
        "MyBehavior.Policy.Epsilon.mean": {
            "value": 0.10183709333333335,
            "min": 0.10183709333333335,
            "max": 0.19825641666666668,
            "count": 30
        },
        "MyBehavior.Policy.Epsilon.sum": {
            "value": 0.5091854666666668,
            "min": 0.43341006666666665,
            "max": 0.9758556666666668,
            "count": 30
        },
        "MyBehavior.Policy.Beta.mean": {
            "value": 0.00010167095733333333,
            "min": 0.00010167095733333333,
            "max": 0.004912995191666665,
            "count": 30
        },
        "MyBehavior.Policy.Beta.sum": {
            "value": 0.0005083547866666666,
            "min": 0.0005083547866666666,
            "max": 0.023795197766666668,
            "count": 30
        },
        "MyBehavior.Environment.EpisodeLength.mean": {
            "value": 3207.0,
            "min": 477.25688073394497,
            "max": 52625.0,
            "count": 25
        },
        "MyBehavior.Environment.EpisodeLength.sum": {
            "value": 6414.0,
            "min": 6153.0,
            "max": 224569.0,
            "count": 25
        },
        "MyBehavior.Environment.CumulativeReward.mean": {
            "value": 14.679500799626112,
            "min": -1.5189168691997312,
            "max": 397.6831163823605,
            "count": 25
        },
        "MyBehavior.Environment.CumulativeReward.sum": {
            "value": 29.359001599252224,
            "min": -142.78101473581046,
            "max": 3976.8311638236046,
            "count": 25
        },
        "MyBehavior.Policy.ExtrinsicReward.mean": {
            "value": 14.679500799626112,
            "min": -1.5189168691997312,
            "max": 397.6831163823605,
            "count": 25
        },
        "MyBehavior.Policy.ExtrinsicReward.sum": {
            "value": 29.359001599252224,
            "min": -142.78101473581046,
            "max": 3976.8311638236046,
            "count": 25
        },
        "MyBehavior.IsTraining.mean": {
            "value": 1.0,
            "min": 1.0,
            "max": 1.0,
            "count": 30
        },
        "MyBehavior.IsTraining.sum": {
            "value": 1.0,
            "min": 1.0,
            "max": 1.0,
            "count": 30
        }
    },
    "metadata": {
        "timer_format_version": "0.1.0",
        "start_time_seconds": "1691912910",
        "python_version": "3.9.17 (main, Jul  5 2023, 20:47:11) [MSC v.1916 64 bit (AMD64)]",
        "command_line_arguments": "D:\\Users\\Polito\\Daniele\\Anaconda\\envs\\tf_gpu\\Scripts\\mlagents-learn config/BaseConfig.yaml --run-id=FINAL_break_0",
        "mlagents_version": "0.30.0",
        "mlagents_envs_version": "0.30.0",
        "communication_protocol_version": "1.5.0",
        "pytorch_version": "1.7.1+cu110",
        "numpy_version": "1.21.2",
        "end_time_seconds": "1691918569"
    },
    "total": 5659.094430716001,
    "count": 1,
    "self": 0.05578613900070195,
    "children": {
        "run_training.setup": {
            "total": 0.2603953859999999,
            "count": 1,
            "self": 0.2603953859999999
        },
        "TrainerController.start_learning": {
            "total": 5658.778249191,
            "count": 1,
            "self": 9.432395027034545,
            "children": {
                "TrainerController._reset_env": {
                    "total": 32.479938372,
                    "count": 1,
                    "self": 32.479938372
                },
                "TrainerController.advance": {
                    "total": 5616.604183363966,
                    "count": 125026,
                    "self": 13.413081458987108,
                    "children": {
                        "env_step": {
                            "total": 4643.688509760992,
                            "count": 125026,
                            "self": 3887.2318369418945,
                            "children": {
                                "SubprocessEnvManager._take_step": {
                                    "total": 751.3953030780315,
                                    "count": 125026,
                                    "self": 22.880812998026272,
                                    "children": {
                                        "TorchPolicy.evaluate": {
                                            "total": 728.5144900800052,
                                            "count": 125026,
                                            "self": 728.5144900800052
                                        }
                                    }
                                },
                                "workers": {
                                    "total": 5.061369741066322,
                                    "count": 125026,
                                    "self": 0.0,
                                    "children": {
                                        "worker_root": {
                                            "total": 5618.501217403072,
                                            "count": 125026,
                                            "is_parallel": true,
                                            "self": 2211.195967036201,