{
    "name": "root",
    "gauges": {
        "MyBehavior.Policy.Entropy.mean": {
            "value": 1.9532076120376587,
            "min": 1.9532076120376587,
            "max": 2.122541904449463,
            "count": 26
        },
        "MyBehavior.Policy.Entropy.sum": {
            "value": 20000.845703125,
            "min": 19265.49609375,
            "max": 21734.828125,
            "count": 26
        },
        "MyBehavior.Environment.LessonNumber.config_num.mean": {
            "value": 0.0,
            "min": 0.0,
            "max": 0.0,
            "count": 26
        },
        "MyBehavior.Environment.LessonNumber.config_num.sum": {
            "value": 0.0,
            "min": 0.0,
            "max": 0.0,
            "count": 26
        },
        "MyBehavior.Step.mean": {
            "value": 259968.0,
            "min": 9984.0,
            "max": 259968.0,
            "count": 26
        },
        "MyBehavior.Step.sum": {
            "value": 259968.0,
            "min": 9984.0,
            "max": 259968.0,
            "count": 26
        },
        "MyBehavior.Policy.ExtrinsicValueEstimate.mean": {
            "value": 0.019779782742261887,
            "min": -0.06896346062421799,
            "max": 0.04321874678134918,
            "count": 26
        },
        "MyBehavior.Policy.ExtrinsicValueEstimate.sum": {
            "value": 3.085646152496338,
            "min": -10.758299827575684,
            "max": 6.742124557495117,
            "count": 26
        },
        "MyBehavior.IsTraining.mean": {
            "value": 1.0,
            "min": 1.0,
            "max": 1.0,
            "count": 26
        },
        "MyBehavior.IsTraining.sum": {
            "value": 1.0,
            "min": 1.0,
            "max": 1.0,
            "count": 26
        },
        "MyBehavior.Losses.PolicyLoss.mean": {
            "value": 0.024773887193684157,
            "min": 0.017475171068993708,
            "max": 0.03286600984865799,
            "count": 23
        },
        "MyBehavior.Losses.PolicyLoss.sum": {
            "value": 0.024773887193684157,
            "min": 0.017475171068993708,
            "max": 0.03286600984865799,
            "count": 23
        },
        "MyBehavior.Losses.ValueLoss.mean": {
            "value": 4.1186769643294004e-05,
            "min": 3.4297477941436225e-05,
            "max": 0.004825795030531784,
            "count": 23
        },
        "MyBehavior.Losses.ValueLoss.sum": {
            "value": 4.1186769643294004e-05,
            "min": 3.4297477941436225e-05,
            "max": 0.004825795030531784,
            "count": 23
        },
        "MyBehavior.Policy.LearningRate.mean": {
            "value": 0.0002499520166826667,
            "min": 0.0002499520166826667,
            "max": 0.0002978240007253333,
            "count": 23
        },
        "MyBehavior.Policy.LearningRate.sum": {
            "value": 0.0002499520166826667,
            "min": 0.0002499520166826667,
            "max": 0.0002978240007253333,
            "count": 23
        },
        "MyBehavior.Policy.Epsilon.mean": {
            "value": 0.18331733333333328,
            "min": 0.18331733333333328,
            "max": 0.19927466666666668,
            "count": 23
        },
        "MyBehavior.Policy.Epsilon.sum": {
            "value": 0.18331733333333328,
            "min": 0.18331733333333328,
            "max": 0.19927466666666668,
            "count": 23
        },
        "MyBehavior.Policy.Beta.mean": {
            "value": 0.0008348416000000001,
            "min": 0.0008348416000000001,
            "max": 0.0009928192000000005,
            "count": 23
        },
        "MyBehavior.Policy.Beta.sum": {
            "value": 0.0008348416000000001,
            "min": 0.0008348416000000001,
            "max": 0.0009928192000000005,
            "count": 23
        }
    },
    "metadata": {
        "timer_format_version": "0.1.0",
        "start_time_seconds": "1669655740",
        "python_version": "3.9.13 (tags/v3.9.13:6de2ca5, May 17 2022, 16:36:42) [MSC v.1929 64 bit (AMD64)]",
        "command_line_arguments": "D:\\Github\\TesiRacingGame\\RacingPrototype\\venv\\Scripts\\mlagents-learn config\\MyAgentBehavior.yaml --run-id=C_Learning1 --force",
        "mlagents_version": "0.29.0",
        "mlagents_envs_version": "0.29.0",
        "communication_protocol_version": "1.5.0",
        "pytorch_version": "1.7.1+cu110",
        "numpy_version": "1.21.2",
        "end_time_seconds": "1669655981"
    },
    "total": 240.93891109999998,
    "count": 1,
    "self": 0.005203299999976707,
    "children": {
        "run_training.setup": {
            "total": 0.07853509999999986,
            "count": 1,
            "self": 0.07853509999999986
        },
        "TrainerController.start_learning": {
            "total": 240.8551727,
            "count": 1,
            "self": 0.6712228999998899,
            "children": {
                "TrainerController._reset_env": {
                    "total": 9.8501216,
                    "count": 1,
                    "self": 9.8501216
                },
                "TrainerController.advance": {
                    "total": 230.2149638000001,
                    "count": 26683,
                    "self": 0.7369928000019286,
                    "children": {
                        "env_step": {
                            "total": 159.56105400000177,
                            "count": 26683,
                            "self": 127.27062259999738,
                            "children": {
                                "SubprocessEnvManager._take_step": {
                                    "total": 32.01607410000194,
                                    "count": 26683,
                                    "self": 1.1616740999994057,
                                    "children": {
                                        "TorchPolicy.evaluate": {
                                            "total": 30.85440000000253,
                                            "count": 26683,
                                            "self": 5.980330000003423,
                                            "children": {
                                                "TorchPolicy.sample_actions": {
                                                    "total": 24.874069999999108,
                                                    "count": 26683,
                                                    "self": 24.874069999999108
                                                }
                                            }
                                        }
                                    }
                                },
                                "workers": {
                                    "total": 0.27435730000244796,
                                    "count": 26682,
                                    "self": 0.0,
                                    "children": {
                                        "worker_root": {
                                            "total": 230.33165420000026,
                                            "count": 26682,
                                            "is_parallel": true,
                                            "self": 126.98858290000064,
                                            "children": {
                                                "steps_from_proto": {
                                                    "total": 0.000679200000000435,
                                                    "count": 1,
                                                    "is_parallel": true,
                                                    "self": 0.00020680000000083965,
                                                    "children": {
                                                        "_process_rank_one_or_two_observation": {
                                                            "total": 0.00047239999999959537,