{
    "name": "root",
    "gauges": {
        "MyBehavior.Policy.Entropy.mean": {
            "value": 1.5082131624221802,
            "min": 1.5008872747421265,
            "max": 1.7535159587860107,
            "count": 30
        },
        "MyBehavior.Policy.Entropy.sum": {
            "value": 75398.59375,
            "min": 75086.390625,
            "max": 87544.421875,
            "count": 30
        },
        "MyBehavior.Environment.LessonNumber.config_num.mean": {
            "value": 4.0,
            "min": 0.0,
            "max": 4.0,
            "count": 30
        },
        "MyBehavior.Environment.LessonNumber.config_num.sum": {
            "value": 4.0,
            "min": 0.0,
            "max": 4.0,
            "count": 30
        },
        "MyBehavior.Step.mean": {
            "value": 1499960.0,
            "min": 49945.0,
            "max": 1499960.0,
            "count": 30
        },
        "MyBehavior.Step.sum": {
            "value": 1499960.0,
            "min": 49945.0,
            "max": 1499960.0,
            "count": 30
        },
        "MyBehavior.Policy.ExtrinsicValueEstimate.mean": {
            "value": 0.9772672057151794,
            "min": 0.7957907915115356,
            "max": 1.730787754058838,
            "count": 30
        },
        "MyBehavior.Policy.ExtrinsicValueEstimate.sum": {
            "value": 766.177490234375,
            "min": 625.4915771484375,
            "max": 1356.9376220703125,
            "count": 30
        },
        "MyBehavior.Environment.EpisodeLength.mean": {
            "value": 8247.6,
            "min": 933.25,
            "max": 10762.4,
            "count": 30
        },
        "MyBehavior.Environment.EpisodeLength.sum": {
            "value": 41238.0,
            "min": 3733.0,
            "max": 107624.0,
            "count": 30
        },
        "MyBehavior.Environment.CumulativeReward.mean": {
            "value": 83.19600287154317,
            "min": 4.770000682212412,
            "max": 122.92750234343112,
            "count": 30
        },
        "MyBehavior.Environment.CumulativeReward.sum": {
            "value": 415.98001435771585,
            "min": 19.08000272884965,
            "max": 1232.860024179332,
            "count": 30
        },
        "MyBehavior.Policy.ExtrinsicReward.mean": {
            "value": 83.19600287154317,
            "min": 4.770000682212412,
            "max": 122.92750234343112,
            "count": 30
        },
        "MyBehavior.Policy.ExtrinsicReward.sum": {
            "value": 415.98001435771585,
            "min": 19.08000272884965,
            "max": 1232.860024179332,
            "count": 30
        },
        "MyBehavior.Losses.PolicyLoss.mean": {
            "value": 0.023147547855041917,
            "min": 0.021054995990319486,
            "max": 0.025771506647452043,
            "count": 30
        },
        "MyBehavior.Losses.PolicyLoss.sum": {
            "value": 0.11573773927520958,
            "min": 0.08591077349168094,
            "max": 0.1288575332372602,
            "count": 30
        },
        "MyBehavior.Losses.ValueLoss.mean": {
            "value": 0.02908877585083246,
            "min": 0.01863499611305694,
            "max": 0.05586635544896126,
            "count": 30
        },
        "MyBehavior.Losses.ValueLoss.sum": {
            "value": 0.1454438792541623,
            "min": 0.07453998445222776,
            "max": 0.2793317772448063,
            "count": 30
        },
        "MyBehavior.Policy.LearningRate.mean": {
            "value": 5.203098265666673e-06,
            "min": 5.203098265666673e-06,
            "max": 0.0002946539017820333,
            "count": 30
        },
        "MyBehavior.Policy.LearningRate.sum": {
            "value": 2.6015491328333363e-05,
            "min": 2.6015491328333363e-05,
            "max": 0.001425396024868,
            "count": 30
        },
        "MyBehavior.Policy.Epsilon.mean": {
            "value": 0.10173433333333334,
            "min": 0.10173433333333334,
            "max": 0.19821796666666666,
            "count": 30
        },
        "MyBehavior.Policy.Epsilon.sum": {
            "value": 0.5086716666666667,
            "min": 0.44675753333333335,
            "max": 0.9751320000000001,
            "count": 30
        },
        "MyBehavior.Policy.Beta.mean": {
            "value": 9.654323333333344e-05,
            "min": 9.654323333333344e-05,
            "max": 0.004911076536666667,
            "count": 30
        },
        "MyBehavior.Policy.Beta.sum": {
            "value": 0.0004827161666666672,
            "min": 0.0004827161666666672,
            "max": 0.023759086800000006,
            "count": 30
        },
        "MyBehavior.IsTraining.mean": {
            "value": 1.0,
            "min": 1.0,
            "max": 1.0,
            "count": 30
        },
        "MyBehavior.IsTraining.sum": {
            "value": 1.0,
            "min": 1.0,
            "max": 1.0,
            "count": 30
        }
    },
    "metadata": {
        "timer_format_version": "0.1.0",
        "start_time_seconds": "1693405787",
        "python_version": "3.9.13 (tags/v3.9.13:6de2ca5, May 17 2022, 16:36:42) [MSC v.1929 64 bit (AMD64)]",
        "command_line_arguments": "D:\\Github\\TesiRacingGame\\RacingPrototype\\venv\\Scripts\\mlagents-learn config/BaseConfig.yaml --run-id=Base_IncreasedSensor_AlwaysAcc_IncreasedPenaltyMoveX_break_1_OnlyLastCircuit --initialize-from=Base_IncreasedSensor_AlwaysAcc_IncreasedPenaltyMoveX_break_0_OnlyLastCircuit",
        "mlagents_version": "0.29.0",
        "mlagents_envs_version": "0.29.0",
        "communication_protocol_version": "1.5.0",
        "pytorch_version": "1.7.1+cu110",
        "numpy_version": "1.21.2",
        "end_time_seconds": "1693407273"
    },
    "total": 1486.26812,
    "count": 1,
    "self": 0.010660799999868686,
    "children": {
        "run_training.setup": {
            "total": 0.09596549999999993,
            "count": 1,
            "self": 0.09596549999999993
        },
        "TrainerController.start_learning": {
            "total": 1486.1614937000002,
            "count": 1,
            "self": 3.0051047999611455,
            "children": {
                "TrainerController._reset_env": {
                    "total": 6.7078236,
                    "count": 1,
                    "self": 6.7078236
                },
                "TrainerController.advance": {
                    "total": 1476.3596983000389,
                    "count": 125027,
                    "self": 3.224504400051046,
                    "children": {
                        "env_step": {
                            "total": 945.5591149999842,
                            "count": 125027,
                            "self": 746.1811083999672,
                            "children": {
                                "SubprocessEnvManager._take_step": {
                                    "total": 197.99528110001432,
                                    "count": 125027,
                                    "self": 5.303105000001153,
                                    "children": {
                                        "TorchPolicy.evaluate": {
                                            "total": 192.69217610001317,
                                            "count": 125027,
                                            "self": 28.151809200023138,
                                            "children": {
                                                "TorchPolicy.sample_actions": {
                                                    "total": 164.54036689999003,
                                                    "count": 125027,
                                                    "self": 164.54036689999003
                                                }
                                            }
                                        }
                                    }
                                },