{
    "name": "root",
    "gauges": {
        "MyBehavior.Policy.Entropy.mean": {
            "value": 1.8607854843139648,
            "min": 1.8607854843139648,
            "max": 2.1179933547973633,
            "count": 19
        },
        "MyBehavior.Policy.Entropy.sum": {
            "value": 17863.541015625,
            "min": 17863.541015625,
            "max": 21658.16796875,
            "count": 19
        },
        "MyBehavior.Environment.LessonNumber.config_num.mean": {
            "value": 0.0,
            "min": 0.0,
            "max": 0.0,
            "count": 19
        },
        "MyBehavior.Environment.LessonNumber.config_num.sum": {
            "value": 0.0,
            "min": 0.0,
            "max": 0.0,
            "count": 19
        },
        "MyBehavior.Step.mean": {
            "value": 189952.0,
            "min": 9984.0,
            "max": 189952.0,
            "count": 19
        },
        "MyBehavior.Step.sum": {
            "value": 189952.0,
            "min": 9984.0,
            "max": 189952.0,
            "count": 19
        },
        "MyBehavior.Policy.ExtrinsicValueEstimate.mean": {
            "value": 0.12272649258375168,
            "min": -0.0045252954587340355,
            "max": 0.14133085310459137,
            "count": 19
        },
        "MyBehavior.Policy.ExtrinsicValueEstimate.sum": {
            "value": 19.14533233642578,
            "min": -0.7059460878372192,
            "max": 22.0476131439209,
            "count": 19
        },
        "MyBehavior.IsTraining.mean": {
            "value": 1.0,
            "min": 1.0,
            "max": 1.0,
            "count": 19
        },
        "MyBehavior.IsTraining.sum": {
            "value": 1.0,
            "min": 1.0,
            "max": 1.0,
            "count": 19
        },
        "MyBehavior.Losses.PolicyLoss.mean": {
            "value": 0.022345940000377595,
            "min": 0.018965645514739057,
            "max": 0.029723507600526014,
            "count": 17
        },
        "MyBehavior.Losses.PolicyLoss.sum": {
            "value": 0.022345940000377595,
            "min": 0.018965645514739057,
            "max": 0.029723507600526014,
            "count": 17
        },
        "MyBehavior.Losses.ValueLoss.mean": {
            "value": 8.503780579000401e-05,
            "min": 2.117642167528781e-05,
            "max": 0.004355013680954774,
            "count": 17
        },
        "MyBehavior.Losses.ValueLoss.sum": {
            "value": 8.503780579000401e-05,
            "min": 2.117642167528781e-05,
            "max": 0.004355013680954774,
            "count": 17
        },
        "MyBehavior.Policy.LearningRate.mean": {
            "value": 0.00026300801233066656,
            "min": 0.00026300801233066656,
            "max": 0.0002978240007253333,
            "count": 17
        },
        "MyBehavior.Policy.LearningRate.sum": {
            "value": 0.00026300801233066656,
            "min": 0.00026300801233066656,
            "max": 0.0002978240007253333,
            "count": 17
        },
        "MyBehavior.Policy.Epsilon.mean": {
            "value": 0.1876693333333333,
            "min": 0.1876693333333333,
            "max": 0.19927466666666668,
            "count": 17
        },
        "MyBehavior.Policy.Epsilon.sum": {
            "value": 0.1876693333333333,
            "min": 0.1876693333333333,
            "max": 0.19927466666666668,
            "count": 17
        },
        "MyBehavior.Policy.Beta.mean": {
            "value": 0.0008779263999999999,
            "min": 0.0008779263999999999,
            "max": 0.0009928192000000005,
            "count": 17
        },
        "MyBehavior.Policy.Beta.sum": {
            "value": 0.0008779263999999999,
            "min": 0.0008779263999999999,
            "max": 0.0009928192000000005,
            "count": 17
        }
    },
    "metadata": {
        "timer_format_version": "0.1.0",
        "start_time_seconds": "1669658488",
        "python_version": "3.9.13 (tags/v3.9.13:6de2ca5, May 17 2022, 16:36:42) [MSC v.1929 64 bit (AMD64)]",
        "command_line_arguments": "D:\\Github\\TesiRacingGame\\RacingPrototype\\venv\\Scripts\\mlagents-learn config\\MyAgentBehavior.yaml --run-id=C_Learn000",
        "mlagents_version": "0.29.0",
        "mlagents_envs_version": "0.29.0",
        "communication_protocol_version": "1.5.0",
        "pytorch_version": "1.7.1+cu110",
        "numpy_version": "1.21.2",
        "end_time_seconds": "1669658690"
    },
    "total": 201.99001420000002,
    "count": 1,
    "self": 0.006376000000017257,
    "children": {
        "run_training.setup": {
            "total": 0.08323079999999994,
            "count": 1,
            "self": 0.08323079999999994
        },
        "TrainerController.start_learning": {
            "total": 201.9004074,
            "count": 1,
            "self": 0.5211615999994876,
            "children": {
                "TrainerController._reset_env": {
                    "total": 25.1449797,
                    "count": 1,
                    "self": 25.1449797
                },
                "TrainerController.advance": {
                    "total": 176.09214760000052,
                    "count": 19117,
                    "self": 0.5472025999983714,
                    "children": {
                        "env_step": {
                            "total": 124.38384100000098,
                            "count": 19117,
                            "self": 100.32485550000034,
                            "children": {
                                "SubprocessEnvManager._take_step": {
                                    "total": 23.844242800000668,
                                    "count": 19117,
                                    "self": 0.8466386999997688,
                                    "children": {
                                        "TorchPolicy.evaluate": {
                                            "total": 22.9976041000009,
                                            "count": 19117,
                                            "self": 4.451026800001504,
                                            "children": {
                                                "TorchPolicy.sample_actions": {
                                                    "total": 18.546577299999395,
                                                    "count": 19117,
                                                    "self": 18.546577299999395
                                                }
                                            }
                                        }
                                    }
                                },
                                "workers": {
                                    "total": 0.2147426999999773,
                                    "count": 19116,
                                    "self": 0.0,
                                    "children": {
                                        "worker_root": {
                                            "total": 172.1096785999997,
                                            "count": 19116,
                                            "is_parallel": true,
                                            "self": 93.64309629999921,
                                            "children": {
                                                "steps_from_proto": {
                                                    "total": 0.0007398999999992384,
                                                    "count": 1,
                                                    "is_parallel": true,
                                                    "self": 0.0002493000000036716,
                                                    "children": {
                                                        "_process_rank_one_or_two_observation": {
                                                            "total": 0.0004905999999955668,