{
    "name": "root",
    "gauges": {
        "MyBehavior.Policy.Entropy.mean": {
            "value": 1.8590301275253296,
            "min": 1.8071129322052002,
            "max": 2.8835506439208984,
            "count": 30
        },
        "MyBehavior.Policy.Entropy.sum": {
            "value": 92936.6328125,
            "min": 90423.3046875,
            "max": 145330.953125,
            "count": 30
        },
        "MyBehavior.Environment.LessonNumber.config_num.mean": {
            "value": 4.0,
            "min": 0.0,
            "max": 4.0,
            "count": 30
        },
        "MyBehavior.Environment.LessonNumber.config_num.sum": {
            "value": 4.0,
            "min": 0.0,
            "max": 4.0,
            "count": 30
        },
        "MyBehavior.Step.mean": {
            "value": 1499981.0,
            "min": 49997.0,
            "max": 1499981.0,
            "count": 30
        },
        "MyBehavior.Step.sum": {
            "value": 1499981.0,
            "min": 49997.0,
            "max": 1499981.0,
            "count": 30
        },
        "MyBehavior.Policy.ExtrinsicValueEstimate.mean": {
            "value": 1.2115031480789185,
            "min": 0.3759831190109253,
            "max": 1.6713064908981323,
            "count": 30
        },
        "MyBehavior.Policy.ExtrinsicValueEstimate.sum": {
            "value": 948.6069946289062,
            "min": 303.0423889160156,
            "max": 1311.9755859375,
            "count": 30
        },
        "MyBehavior.Environment.EpisodeLength.mean": {
            "value": 14971.0,
            "min": 520.6883116883117,
            "max": 18559.25,
            "count": 28
        },
        "MyBehavior.Environment.EpisodeLength.sum": {
            "value": 44913.0,
            "min": 7568.0,
            "max": 155611.0,
            "count": 28
        },
        "MyBehavior.Environment.CumulativeReward.mean": {
            "value": 184.11665391052762,
            "min": 2.635259571303795,
            "max": 234.28398572802544,
            "count": 28
        },
        "MyBehavior.Environment.CumulativeReward.sum": {
            "value": 552.3499617315829,
            "min": 53.26499304175377,
            "max": 2062.924856814556,
            "count": 28
        },
        "MyBehavior.Policy.ExtrinsicReward.mean": {
            "value": 184.11665391052762,
            "min": 2.635259571303795,
            "max": 234.28398572802544,
            "count": 28
        },
        "MyBehavior.Policy.ExtrinsicReward.sum": {
            "value": 552.3499617315829,
            "min": 53.26499304175377,
            "max": 2062.924856814556,
            "count": 28
        },
        "MyBehavior.Losses.PolicyLoss.mean": {
            "value": 0.02170360537347733,
            "min": 0.01879767064655122,
            "max": 0.026567644998431207,
            "count": 30
        },
        "MyBehavior.Losses.PolicyLoss.sum": {
            "value": 0.10851802686738665,
            "min": 0.09100642697788619,
            "max": 0.13283822499215603,
            "count": 30
        },
        "MyBehavior.Losses.ValueLoss.mean": {
            "value": 0.025553432138015825,
            "min": 0.012135121303920944,
            "max": 0.0483027575040857,
            "count": 30
        },
        "MyBehavior.Losses.ValueLoss.sum": {
            "value": 0.12776716069007912,
            "min": 0.06067560651960472,
            "max": 0.24151378752042849,
            "count": 30
        },
        "MyBehavior.Policy.LearningRate.mean": {
            "value": 5.451738182786662e-06,
            "min": 5.451738182786662e-06,
            "max": 0.00029477965174011663,
            "count": 30
        },
        "MyBehavior.Policy.LearningRate.sum": {
            "value": 2.725869091393331e-05,
            "min": 2.725869091393331e-05,
            "max": 0.0014275690241436667,
            "count": 30
        },
        "MyBehavior.Policy.Epsilon.mean": {
            "value": 0.10181721333333335,
            "min": 0.10181721333333335,
            "max": 0.1982598833333333,
            "count": 30
        },
        "MyBehavior.Policy.Epsilon.sum": {
            "value": 0.5090860666666668,
            "min": 0.4333518,
            "max": 0.9758563333333333,
            "count": 30
        },
        "MyBehavior.Policy.Beta.mean": {
            "value": 0.00010067894533333326,
            "min": 0.00010067894533333326,
            "max": 0.004913168178333333,
            "count": 30
        },
        "MyBehavior.Policy.Beta.sum": {
            "value": 0.0005033947266666663,
            "min": 0.0005033947266666663,
            "max": 0.023795231033333336,
            "count": 30
        },
        "MyBehavior.IsTraining.mean": {
            "value": 1.0,
            "min": 1.0,
            "max": 1.0,
            "count": 30
        },
        "MyBehavior.IsTraining.sum": {
            "value": 1.0,
            "min": 1.0,
            "max": 1.0,
            "count": 30
        }
    },
    "metadata": {
        "timer_format_version": "0.1.0",
        "start_time_seconds": "1693561114",
        "python_version": "3.9.17 (main, Jul  5 2023, 20:47:11) [MSC v.1916 64 bit (AMD64)]",
        "command_line_arguments": "D:\\Users\\Polito\\Daniele\\Anaconda_full\\envs\\tf-gpu2\\Scripts\\mlagents-learn config/BaseConfig.yaml --run-id=Base_IncreasedSensor_break_0",
        "mlagents_version": "0.30.0",
        "mlagents_envs_version": "0.30.0",
        "communication_protocol_version": "1.5.0",
        "pytorch_version": "1.7.1+cu110",
        "numpy_version": "1.21.2",
        "end_time_seconds": "1693566114"
    },
    "total": 5000.619245462,
    "count": 1,
    "self": 0.0327753940009643,
    "children": {
        "run_training.setup": {
            "total": 0.2532481080000002,
            "count": 1,
            "self": 0.2532481080000002
        },
        "TrainerController.start_learning": {
            "total": 5000.33322196,
            "count": 1,
            "self": 7.151318305988752,
            "children": {
                "TrainerController._reset_env": {
                    "total": 45.431112893,
                    "count": 1,
                    "self": 45.431112893
                },
                "TrainerController.advance": {
                    "total": 4947.57283825601,
                    "count": 125031,
                    "self": 9.728854870038958,
                    "children": {
                        "env_step": {
                            "total": 4105.989858045025,
                            "count": 125031,
                            "self": 3509.126313170027,
                            "children": {
                                "SubprocessEnvManager._take_step": {
                                    "total": 593.0107432050062,
                                    "count": 125031,
                                    "self": 14.179902183029185,
                                    "children": {
                                        "TorchPolicy.evaluate": {
                                            "total": 578.830841021977,
                                            "count": 125031,
                                            "self": 578.830841021977
                                        }
                                    }
                                },
                                "workers": {
                                    "total": 3.8528016699919334,
                                    "count": 125031,
                                    "self": 0.0,
                                    "children": {
                                        "worker_root": {
                                            "total": 4949.625977607004,
                                            "count": 125031,
                                            "is_parallel": true,
                                            "self": 1821.188778104046,