{
    "name": "root",
    "gauges": {
        "MyBehavior.Policy.Entropy.mean": {
            "value": 1.4190362691879272,
            "min": 1.4190362691879272,
            "max": 2.121147871017456,
            "count": 150
        },
        "MyBehavior.Policy.Entropy.sum": {
            "value": 14440.11328125,
            "min": 13723.203125,
            "max": 21720.5546875,
            "count": 150
        },
        "MyBehavior.Step.mean": {
            "value": 1499970.0,
            "min": 9984.0,
            "max": 1499970.0,
            "count": 150
        },
        "MyBehavior.Step.sum": {
            "value": 1499970.0,
            "min": 9984.0,
            "max": 1499970.0,
            "count": 150
        },
        "MyBehavior.Policy.ExtrinsicValueEstimate.mean": {
            "value": 0.9731459617614746,
            "min": -0.5814722180366516,
            "max": 1.6695947647094727,
            "count": 150
        },
        "MyBehavior.Policy.ExtrinsicValueEstimate.sum": {
            "value": 153.75706481933594,
            "min": -90.70966339111328,
            "max": 265.465576171875,
            "count": 150
        },
        "MyBehavior.IsTraining.mean": {
            "value": 1.0,
            "min": 1.0,
            "max": 1.0,
            "count": 150
        },
        "MyBehavior.IsTraining.sum": {
            "value": 1.0,
            "min": 1.0,
            "max": 1.0,
            "count": 150
        },
        "MyBehavior.Losses.PolicyLoss.mean": {
            "value": 0.02070630591576143,
            "min": 0.014820546611008466,
            "max": 0.030702227842994034,
            "count": 140
        },
        "MyBehavior.Losses.PolicyLoss.sum": {
            "value": 0.02070630591576143,
            "min": 0.014820546611008466,
            "max": 0.030702227842994034,
            "count": 140
        },
        "MyBehavior.Losses.ValueLoss.mean": {
            "value": 0.1641715407371521,
            "min": 3.912395893874216e-05,
            "max": 0.20280654380718868,
            "count": 140
        },
        "MyBehavior.Losses.ValueLoss.sum": {
            "value": 0.1641715407371521,
            "min": 3.912395893874216e-05,
            "max": 0.20280654380718868,
            "count": 140
        },
        "MyBehavior.Policy.LearningRate.mean": {
            "value": 1.7132994289333253e-06,
            "min": 1.7132994289333253e-06,
            "max": 0.0002975424008192,
            "count": 140
        },
        "MyBehavior.Policy.LearningRate.sum": {
            "value": 1.7132994289333253e-06,
            "min": 1.7132994289333253e-06,
            "max": 0.0002975424008192,
            "count": 140
        },
        "MyBehavior.Policy.Epsilon.mean": {
            "value": 0.1005710666666667,
            "min": 0.1005710666666667,
            "max": 0.1991808,
            "count": 140
        },
        "MyBehavior.Policy.Epsilon.sum": {
            "value": 0.1005710666666667,
            "min": 0.1005710666666667,
            "max": 0.1991808,
            "count": 140
        },
        "MyBehavior.Policy.Beta.mean": {
            "value": 1.565355999999997e-05,
            "min": 1.565355999999997e-05,
            "max": 0.0009918899200000004,
            "count": 140
        },
        "MyBehavior.Policy.Beta.sum": {
            "value": 1.565355999999997e-05,
            "min": 1.565355999999997e-05,
            "max": 0.0009918899200000004,
            "count": 140
        },
        "MyBehavior.Environment.EpisodeLength.mean": {
            "value": 2026.2,
            "min": 649.7142857142857,
            "max": 13697.0,
            "count": 113
        },
        "MyBehavior.Environment.EpisodeLength.sum": {
            "value": 10131.0,
            "min": 1583.0,
            "max": 61906.0,
            "count": 113
        },
        "MyBehavior.Environment.CumulativeReward.mean": {
            "value": 25.27626913636923,
            "min": 0.7063397450372577,
            "max": 27.89599246531725,
            "count": 113
        },
        "MyBehavior.Environment.CumulativeReward.sum": {
            "value": 126.38134568184614,
            "min": 1.6192608028650284,
            "max": 203.9578080610372,
            "count": 113
        },
        "MyBehavior.Policy.ExtrinsicReward.mean": {
            "value": 25.27626913636923,
            "min": 0.7063397450372577,
            "max": 27.89599246531725,
            "count": 113
        },
        "MyBehavior.Policy.ExtrinsicReward.sum": {
            "value": 126.38134568184614,
            "min": 1.6192608028650284,
            "max": 203.9578080610372,
            "count": 113
        }
    },
    "metadata": {
        "timer_format_version": "0.1.0",
        "start_time_seconds": "1669639064",
        "python_version": "3.9.13 (tags/v3.9.13:6de2ca5, May 17 2022, 16:36:42) [MSC v.1929 64 bit (AMD64)]",
        "command_line_arguments": "D:\\Github\\TesiRacingGame\\RacingPrototype\\venv\\Scripts\\mlagents-learn config\\MyAgentBehavior.yaml --run-id=Direction00000",
        "mlagents_version": "0.29.0",
        "mlagents_envs_version": "0.29.0",
        "communication_protocol_version": "1.5.0",
        "pytorch_version": "1.7.1+cu110",
        "numpy_version": "1.21.2",
        "end_time_seconds": "1669640010"
    },
    "total": 946.0517593,
    "count": 1,
    "self": 0.00559889999999541,
    "children": {
        "run_training.setup": {
            "total": 0.13810239999999974,
            "count": 1,
            "self": 0.13810239999999974
        },
        "TrainerController.start_learning": {
            "total": 945.908058,
            "count": 1,
            "self": 0.9586916999992354,
            "children": {
                "TrainerController._reset_env": {
                    "total": 14.454144600000001,
                    "count": 1,
                    "self": 14.454144600000001
                },
                "TrainerController.advance": {
                    "total": 930.4375413000008,
                    "count": 46909,
                    "self": 0.9777678999909085,
                    "children": {
                        "env_step": {
                            "total": 507.09192979999756,
                            "count": 46909,
                            "self": 441.4581633000124,
                            "children": {
                                "SubprocessEnvManager._take_step": {
                                    "total": 65.02979869998049,
                                    "count": 46909,
                                    "self": 2.648897799980631,
                                    "children": {
                                        "TorchPolicy.evaluate": {
                                            "total": 62.38090089999986,
                                            "count": 46909,
                                            "self": 11.496777299998975,
                                            "children": {
                                                "TorchPolicy.sample_actions": {
                                                    "total": 50.88412360000088,
                                                    "count": 46909,
                                                    "self": 50.88412360000088
                                                }
                                            }
                                        }
                                    }
                                },
                                "workers": {
                                    "total": 0.6039678000046464,
                                    "count": 46909,
                                    "self": 0.0,
                                    "children": {
                                        "worker_root": {
                                            "total": 930.1798952000066,
                                            "count": 46909,